titles,category
 학문의 자유  앞세운  위안부 매춘의 일종  발언 무죄 정의연  일본 재판부인가 ,Social
 강남 마약음료  주범 구속기소    검찰  최고  사형  혐의 적용,Social
  현대중공업  울산해수청 상대  방파제 공사비  소송 승소    억 상당,Social
 나 잡아봐라  마약 취해 집안 이리저리 뛰어다닌 남성 검거,Social
 자책말라  판사가     억 전세사기  피해자들에게 건넨 위로,Social
인천 자월도 주차된 차량서 남녀  명 숨진 채 발견 경찰 수사,Social
대구서 경주까지     역주행한 택시 이 사람들이 막았다  대체 무슨 일 ,Social
구글  운영체제 갑질   천억 과징금 불복 소송 패소,Social
 천여명이 버린 일회용 플라스틱 보니     가 식품포장재 ,Social
 손 아프니까 오렌지 좀 까줘  갈비탕집 등장한  진상  손님,Social
 머리카락 나왔다  비싼 초밥만 쏙쏙 골라먹고 환불 요청한 손님,Social
서울고법    대한통운  택배노조와 교섭해야  재차 판단,Social
새벽 고속도      역주행한 택시  트래픽 브레이크 로 막은 경찰,Social
   억 전세사기 재판 중  자책 말라  피해 청년들 위로한 판사,Social
대구 경주     역주행한  택시  이것 만나 멈췄다,Social
 팬데믹    대 여성 셋 중 하나 자살충동  남성  배 왜 ,Social
미국      김건희 리스크  정조준      달러 디올백  한국 여당 뒤흔들어 ,Social
정부    인 미만 중대재해법  고용 악영향  노동계  공포 조장  종합 ,Social
경부고속도로 역주행 한 택시  손님  반대방향  말에 핸들 돌렸다,Social
민폐주차 차량 지붕에 주차금지 입간판 올려둔 남자    법원서 벌금형 ,Social
 영상  손님 태우고 고속도로서     역주행한 택시,Social
윤재성 김윤미 부부 일곱째 자녀 출산  화제 ,Social
 대표님 환영합니다   이재명   어린이집 시찰,Social
유퀴즈 나온 국민참여재판 전문검사   호 공판 블랙벨트 인증,Social
     폭설  광주 전남 하늘길 뱃길 재개 대설특보 해제 종합 ,Social
흉기 들고 지구대서 난동 부린   대   무술   단  유단자 경찰이 제압,Social
출소  년 만에 성폭행   대 항소심 중형,Social
 설 명절에는 아버지 장례 치를 수 있길       일째 싸우는 분신 택시기사 유족,Social
  보  택배노조 교섭 거부한   대한통운  심도  부당노동행위 ,Social
부산 북구청장 막말 논란에 장애인 단체  인식 변화 계기 돼야 ,Social
 자막뉴스  화분에 손 넣어봤더니  헉    엄청난 눈 쏟아진 서해안 상황,Social
   서울 강서구 전세 사기범  징역   년형에 항소,Social
정유라  소개팅서 햄버거 나눠 먹은 김남국 추잡해 ,Social
김해판  서울 둔촌주공  될까   외동 주공 조합원  노심초사 ,Social
 얼굴 물려   바늘 꿰맸다  부산시민들 공포 떨게한 들개  마리,Social
전국 인문대학 학장들   무전공 모집  중단해야 인기학과 쏠림 심화할 것 ,Social
 저 여자 술취했다  남친 말에 출동 안한 경찰  납치됐다  고속도로 뛰어든   사망,Social
계속된 한파에 한강도  꽁꽁   현장 화보 ,Social
  대한통운  택배 노조 교섭 거부    심도 부당노동행위 인정,Social
 속보   안드로이드 탑재  강요로  천억대 과징금 구글 불복했지만 패소,Social
 음대 입시 비리 의혹     경찰  경희대 압수수색,Social
충남 서천 수산물특화시장 화재현장   차 합동감식 ,Social
 반대 방향 이란 손님 말에  새벽 고속도로서     역주행한 택시,Social
얼굴 절반 뒤덮은 종양 탓 은둔 생활한     대 엄마   서 미소 되찾아,Social
주차장 통로에 상습 주차한 입주민  열받아 차량에 주차금지 표지판 올렸더니,Social
경부고속도로에서     역주행한 택시 이유 물어보니,Social
 국기연 부서 대전 이전  반대  진주 예비후보들   인 시위,Social
십여년 만의 고백  저 술 못 먹어요 ,Social
제주공항 운항 재개   해안지역 눈발 약해져,Social
 대학교수가 입시생 불법 과외      경희대 압수수색,Social
 자책 마시라     억 전세 피해 사회초년생들 울린 판결문,Social
지구대에서 흉기 난동   무술   단 경찰이 제압  영상 ,Social
음주 무면허 운전 적발 공무원   또  만취 운전,Social
    탑재 강요  구글   천억대 공정위 과징금 취소소송 패소,Social
 원래 이렇게 만져요    힘 확인한 것     중 성추행 공방 일었다,Social
홍준표  권영진 전 시장 비판  주민 우롱 말고 정정당당하게 선거 ,Social
 속보  심 법원도  택배노조 교섭 거부한   대한통운  부당노동행위 ,Social
서울고법  공정위  최태원   실트론 지분 인수에 대한 과징금 취소 ,Social
 위안부 매춘 발언  류석춘   심서 무죄,Social
전 부인 차에 태워 대구 경남까지 끌고 간   대 체포,Social
 음대 입시 비리 의혹     경찰  경희대 압수수색,Social
충남 서천 수산물특화시장 화재현장   차 합동감식 ,Social
 반대 방향 이란 손님 말에  새벽 고속도로서     역주행한 택시,Social
얼굴 절반 뒤덮은 종양 탓 은둔 생활한     대 엄마   서 미소 되찾아,Social
주차장 통로에 상습 주차한 입주민  열받아 차량에 주차금지 표지판 올렸더니,Social
경부고속도로에서     역주행한 택시 이유 물어보니,Social
 국기연 부서 대전 이전  반대  진주 예비후보들   인 시위,Social
십여년 만의 고백  저 술 못 먹어요 ,Social
제주공항 운항 재개   해안지역 눈발 약해져,Social
 대학교수가 입시생 불법 과외      경희대 압수수색,Social
 자책 마시라     억 전세 피해 사회초년생들 울린 판결문,Social
지구대에서 흉기 난동   무술   단 경찰이 제압  영상 ,Social
음주 무면허 운전 적발 공무원   또  만취 운전,Social
    탑재 강요  구글   천억대 공정위 과징금 취소소송 패소,Social
 원래 이렇게 만져요    힘 확인한 것     중 성추행 공방 일었다,Social
홍준표  권영진 전 시장 비판  주민 우롱 말고 정정당당하게 선거 ,Social
 속보  심 법원도  택배노조 교섭 거부한   대한통운  부당노동행위 ,Social
서울고법  공정위  최태원   실트론 지분 인수에 대한 과징금 취소 ,Social
 위안부 매춘 발언  류석춘   심서 무죄,Social
전 부인 차에 태워 대구 경남까지 끌고 간   대 체포,Social
 롤스로이스    심 징역   년 피해자 측  검찰 구형 아쉬워 ,Social
 롤스로이스 사망 사건  운전자 징역   년  증거 인멸 급급 ,Social
  조원 기부왕  회사의 몰락 전직원    명 해고 통보,Social
 사이다 판결  살인 전과 성폭행범  징역      년으로 늘어,Social
자동차정비 기사  전기차 배우면  국가기술자격증 에 반영,Social
 미분양 무덤  대구 후분양 단지    뒤늦은 분양  골머리 ,Social
 무전공 확대 정책 에 전국 인문대 학장 모였다  기초학문 붕괴 ,Social
김우호  정부 인사혁신처장   시간 만에 귀가   검찰에 성실히 답변 ,Social
부지 사업비 문턱 넘은 양산문화예술의 전당 건립  최대 고비 맞았다,Social
서류 허위발급하고 취업사실 숨긴 채 실업급여 타낸 일당 적발,Social
 기초학문 붕괴  전국 인문대학장  무전공 모집 추진에 반발,Social
미숙아 강제 출산 방치   층서 던진 비정한 친모들 첫 재판,Social
대구서 경주까지 한밤 중 경부고속도로     역주행한 택시,Social
퇴사한 것처럼 속여  실업급여   직원과 사업주 등  명 적발,Social
 외도의심  아파트 노상서 아내 살해   대 징역   년에 검찰 항소,Social
대구서 경주까지 고속도로     역주행한 택시 경찰 화물차 기사가 막아,Social
국힘 이택구 대전 서구을 예비후보  둔산지구 재건축 재개발 물꼬 ,Social
김태흠 지사  대통령께 지원내용 전달 마음 풀어달라  사과,Social
전 현직 대구시장  페이스북에서 설전,Social
      폄훼  논란 인천시의장 불신임안 가결 의장직 상실,Social
살인죄 출소 후   대  성폭행한   대  심서  가중처벌 ,Social
 내가 기소한 사건 구형 줄여줄게    출신 변호사  심 실형,Social
곗돈 돌려막기 후  먹튀 한   대 여성 피해 금액만 무려  억,Social
 발달장애는 죄가 아니다  국힘 구청장에게 울분 토한 부모들,Social
 뉴스    어  이 방향 아닌데     고속도로      역주행한 택시,Social
살인죄로  징역   년  산   대  출소  년 만에   대 성폭행,Social
파란 페인트로 쓴  바다남   액운 막으려고 ,Social
 반대 방향  승객 말에 고속도로서 유턴  공포의 역주행 ,Social
  대 살인전과자    대 이웃 성폭행 형량 늘어 징역   년,Social
지역주택조합  복마전  청주시  실태조사 후 수사의뢰,Social
수도권 대형병원   개  올해부터 간호사 채용면접 동시 진행하는 이유,Social
 허위 초청  외국인 무더기 입국 도운 무역업자 추가 기소서 징역형,Social
말싸움 중 아내 살해한   대 징역   년에 검찰 항소,Social
김남국  햄버거집에서 소개팅  반씩 나눠먹었다  호소,Social
안산 제조공장서   대 근로자 금형기계에 끼여 숨져,Social
울산 대왕암 바위에 낙서한   대 검거  가족 액운 막으려고 ,Social
   중국서 송환된  강남 마약음료  주범 구속기소,Social
롤스로이스  에게 마약 처방하고 환자 성폭행   대 의사 구속기소,Social
정준영  월 출소 단톡방 멤버들  복귀 움직임,Social
 우리 애 당뇨 걸리니 제로로 줘요  개업 주년 서비스에 호통친 고객,Social
     억원 유사수신     억원 투자금 편취   아도  상위모집책 구속기소,Social
경찰   지하철 탑승 시위  전장연 활동가 구속영장,Social
 나 잡아봐라  피 흘리며 뛰어다니던 알몸   경찰이 체포하니,Social
 지하철 탑승 시위  전장연 활동가에 구속영장 신청  사사건건 ,Social
 내 엉덩이 꽉 움켜쥐고 주무른 헬스트레이너  왜 무혐의입니까 ,Social
  월 출생아 또  역대 최저    개월째 줄어든 대한민국,Social
 자책말라  판사 말에 울음 터졌다    억 전세사기 재판장서 생긴 일,Social
음대 교수 입시비리 불법 과외 의혹 경찰  경희대 압수수색,Social
 볼 터지겠네   연차 낼까  강추위에 대구시민들 발동동,Social
 학교 멀어 통학 힘들어요   제주도  올해안에 남중 여중 각  개교  남녀공학  추진,Social
광주시 올 하반기 승진 풍년에 활력,Social
 백윤식이 합의서 위조  거짓 주장   연인 무고 혐의로 기소,Social
새벽 경부고속도로     역주행한 택시,Social
   일 이태원 참사 특별법 공포 촉구에 동참해달라 ,Social
벙커 유   억 원어치 훔쳐 내다판 일당 검거,Social
 차로에서  차로로 시속      주행한 유튜버  갑론을박   지금이뉴스 ,Social
국정원   공공분야 해킹    는   소행  총선 개입 공작 우려 ,Social
말다툼하다 흉기로 아내 살해   대 검찰  징역   년 부당  항소,Social
 출소 일주일 만에 또  벽돌 든   대 편의점 강도 항소심도 징역  년,Social
겨울왕국으로 변신하는 태백 태백산 눈축제   일 개막,Social
 구형 줄여주겠다 며 돈 받은 검사 출신 변호사 실형,Social
        녹말 이쑤시개 튀김  영상 유행에 식약처 긴급 경고,Social
 집 가는데 돈 내  중구 용산구 주민  남산터널 통행료  면제 검토,Social
원주서 제조된  강남 마약음료  제조책 구속 기소 중국서 송환,Social
 현장컷   즉각  강력하게  끝까지 응징  해병대 평창서 영하   도 혹한 속 훈련,Social
     억대 유사수신  아도인터내셔널 대표 추가 기소,Social
나주 공동혁신도시서 무자본 갭투자로   세대 전세사기   대 구속,Social
 하급자 돈 모아 과장 밥 사줘   모시는 날  신고에 부산 경찰 발칵,Social
 롤스로이스  마약처방  의사   환자   명 성폭행 혐의도 구속기소,Social
신원식 전주갑 예비후보  민주당 탈당  이낙연 신당 등 검토 ,Social
고속도로     역주행 택시    이것 으로 사고 막아,Social
보이스피싱 전달책  국가 상대 소송  압수한 돈 돌려달라  결국  패소 ,Social
 위안부는 자발적 매춘  류석춘  교수  피해자 명예훼손 무죄,Social
노동부 익산지청  실업급여 부정수급자   명 적발,Social
고속도로     공포의 역주행 경찰차 화물차 합동 작전에 멈췄다,Social
   억 손실에도    억 기부 그 회사 결국 전 직원 해고했다,Social
문충운 예비후보   포항 연일에 한국형 실리콘밸리 조성하겠다 ,Social
정박해 있는 배에서 기름   억원어치 빼돌린 일당 적발,Social
 울산 대왕암 바다에 거대 불상을   기독교연합회 반발,Social
안산 플라스틱 제품공장서   대 노동자 끼임 사고로 숨져,Social
  대 이웃 성폭행한 살인 전과자   심서 형량 늘어 징역   년,Social
광주 전남 전 지역 대설주의보 해제,Social
 구형 줄여줄게  돈 챙긴 전직 검사 실형,Social
흉기 목에 대고 협박한   대     단 유단자  경찰이 맨손 제압한 순간,Social
검찰  중국서 송환된  강남 마약 음료  제조책 구속 기소,Social
경찰  경희대 입학처 압수수색  음대 교수들 불법 과외 입시 비리 의혹,Social
 강원     문화를 만나다  문화도시 강릉의 매력 전 세계에 알릴 것 ,Social
 학원가 마약 음료  주범인   대 남성 구속 기소,Social
부산    억 전세 사기   대 징역   년 판사는  탐욕 제어 못 한 시스템 탓  피해자는 잘못 없다  위로,Social
     폭설  광주 전남 대설특보 사흘 만에 모두 해제,Social
      폄훼 불신임안 상정 거부  허식 인천시의장  결국 권한 박탈,Social
 롤스로이스남 마약 처방  의사 구속 기소 환자 성폭행 혐의도,Social
금오공대 교수     세계 상위    연구자  선정,Social
올해 설 차례상 비용은 전통시장    만원   대형마트   만원 ,Social
인천 자월도 주차된 차량서 남녀  명 숨진 채 발견,Social
 압구정 롤스로이스남 에 마약류 불법 처방한 의사 구속기소,Social
놀라운    튜터  제자들  이건 카타르시스를 못 줘요 ,Social
출생아 수 또  역대 최저치     줄어  만     명,Social
 교수 불법과외 의혹  경희대 음대 압수수색,Social
  대 공익근무요원 근무지서 극단 선택 경찰 수사,Social
광주시  광역철도 협의 안 하면 예타중지  전남도 압박,Social
 해직교사 부당채용  조희연 대법 간다  징역형 집유  불복 상고,Social
음대 입시비리 전방위 확대 불법과외 의혹 경희대  압색 ,Social
울산 기독교계  대왕암공원 불상 건립 계획 철회해야 ,Social
수상한 남편의 한밤 외출  카톡 보니 아파트 동대표와 여행까지,Social
 풍경  북극 한파에 충북 단양강  꽁꽁 ,Social
김영록 전남지사  민주당으로 단합해야 분열 바람직하지 않아 ,Social
 압구정 롤스로이스 사고  가해자  심 징역   년    의사 만류에도 운전 ,Social
한 교육학자의 일침  교육부인가  에듀테크 기업부인가  ,Social
아시아나항공  밀린 기내식 대금    억 지급 확정,Social
 원심력이 뭔지 알려줘     수강생 던진 강사  항소심도 집행유예,Social
 위안부 매춘  류석춘   년만에 무죄 정대협  반인권적 판결 ,Social
음주 무면허  차례 처벌받은 공무원  또 음주운전 적발,Social
국민의힘 강수현 양주시장  돈봉투 살포 혐의로 불구속 송치,Social
    롤스로이스  마약 처방  의사 구속기소,Social
양구 대표 겨울축제 생기나개최 위해 타 시 도 축제 벤치마킹,Social
육지보다 비싼 배송비   인천시  섬 주민에   최대   만원 지원,Social
부산 한복판에 들개 출몰  시민 얼굴 물려   바늘 꿰맸다 ,Social
 단독  김상조 이호승  부동산원  통계 유출 그만  요청 묵살      관련 진술 확보,Social
고속도로      역주행  공포의 택시  경찰에 붙잡힌 기사  황당  해명,Social
전국 땅값       상승 세종      로 가장 많이 올라,Social
 코로나   예방접종  효과 있었다    질병청   중증화 예방효과  확인,Social
고양시 원혜진 주무관 열정 뿜뿜  고양    새 얼굴,Social
촬영 위해 일부러 말 넘어뜨려 죽게 한 태종 이방원 제작진  법원에 항소,Social
롤스로이스 가해 남성에게 마약 불법 처방한 의사 구속기소,Social
 기름   억  훔친 도둑들 잠복 근무에 딱 걸렸다,Social
미세먼지 주범 황 기준치   배 해상유   억원치 유통 일당 적발,Social
  현대중공업  방파제 복구비용 보전소송 승소,Social
경찰   음대 교수 입시 비리 의혹  경희대 압수수색,Social
음대 교수가 입시생  불법 과외   경희대 압수수색,Social
세종시 대중교통 이용객  쑥쑥     월 시행  이응패스   통합환승  주목,Social
 버닝썬  승리   뜬금 허세     중국풍 일본풍 그림 올린   재외공관   프레스룸               ,Social
     갈등  봉합   김경율 거취 김 여사 사과  등 갈등 불씨는 아직  프레스룸     이슈    ,Social
정쟁 떠난 대구 수성갑 여 야 예비후보들의 출근길 인사,Social
 액운 털어내려고  울산 대왕암공원  바다남  낙서   대 검거,Social
   같이 타고 가자     자리 있습니까  갈등 이틀만에  봉합 열차    프레스룸     이슈    ,Social
 포병여단 흑곰대대 군인아저씨는 우리 선생님  교육봉사활동 화제,Social
 주차된 차에 사람 쓰러져 있다  인천서 남녀  명 숨진 채 발견,Social
 위기의 부경동물원  잔여동물 구제책 마련한다,Social
 선처해달라   신생아  숨지게 한 친엄마들 첫 재판서 눈물의 호소,Social
류석춘  위안부 매춘  발언 무죄   법원 판결의 긴 서술어,Social
   도 인사   어깨 툭      서천 현장 동행    국민 배경  정치쇼    프레스룸     이슈    ,Social
검찰   롤스로이스  마약 처방  의사 구속기소 환자 성폭행 혐의도,Social
롤스로이스 에 마약 처방 의사  환자 성폭행 혐의 구속기소,Social
    국민 눈물 거부한 비정한 대통령으로 기억될 것인가  이태원 참사 ,Social
 경찰 앞에서 무아지경  집에서 나체로 피흘린    옆집서 신고했더니 체포 왜 ,Social
제주 해안 대설특보 모두 해제 하늘길 뱃길 정상화 수순 종합 ,Social
    갈등 봉합 수순      대학생   군장병 행보   항공기    여 편 결항  프레스룸     앵커브리핑 ,Social
 이시각헤드라인   월   일 뉴스센터  ,Social
      폄훼  허식  인천시의장직 박탈  혼미할 정도로 힘들다 ,Social
출생아  개월째  만 명대 작년     월   만  천 명 역대 최소,Social
 서천특화시장 화재  원인은 합동 감식 돌입,Social
이런 차만 털렸다     만원어치 금품 훔친   대 구속,Social
 따뜻한 한 끼 나눠요  추위 잊은 따뜻한 온정,Social
 지난해  월부터 미분양관리지역인데   포항서     가구 분양,Social
민폐 주차 차량 지붕에 주차금지 입간판 올렸다가 벌금형 항소심  원심 깨고 무죄판결,Social
  인미만 중대재해법     정부  준비할 기회달라  마지막 호소,Social
학원가  마약음료 사건  주범  국내 송환 한 달 만에 구속기소,Social
지구대 찾아와 흉기 휘두른   대  무술   단 경찰이 제압,Social
대구서 경주까지 경부고속도로     역주행한 택시,Social
정무 비서 지낸 전희경  의정부  갑  출사표,Social
인천 자월도 해안가 차량서 남녀  명 숨진 채 발견,Social
청년근로자 월   만원 저축하면  년 후   천만원    받는다,Social
서울 강남구서 첫째 낳으면 누구나 첫 달  최대    만원 ,Social
 전재산     억원 사회 환원  닭강정 노점상 출신 기업인,Social
  대 이웃 성폭행한 살인 전과자   심서 형량 늘어  징역   년 ,Social
서울 강남구에서 첫째 낳으면 첫 달    만원 보따리 푸는 자치구,Social
    일째 장례 못치른  분신 택시노동자  대표 엄벌하라 ,Social
 인구 블랙홀 경기도    년 새    만명 증가  천   만명,Social
지구대서 흉기 난동부린   대  무술   단  경찰이 제압,Social
 장애아 낳은 게 잘못  망언 오태원 부산 북구청장  공개 사과,Social
도로망 개선 나서는 고양시  출퇴근 시간 획기적으로 줄입니다 ,Social
중처법    인 미만  확대      적용유예 논의 중단하라 ,Social
 친절한 뉴스    산업스파이 꼼짝마   처벌 강화한다,Social
  천억대 유사수신  아도인터내셔널 대표 모집책 기소,Social
경찰  교수 불법과외 의혹 경희대 음대 압수수색 종합 ,Social
 으아아악  피 흘리며 알몸으로 발작하는 남성  경찰이 잡고 보니,Social
노동부 장관  빵집 사장도 대상  중대재해법 유예 호소 민주노총  더 이상 안돼 ,Social
 이경규 장도연 출연료 미지급  기획사 대표  이번엔 횡령 혐의로 유죄  사사건건 ,Social
수도권 대형병원   곳이 같은 날 간호사 뽑는 이유는,Social
음료 무료 서비스 줬더니  애 당뇨 걸려  제로 없어   고함 친 진상 손님,Social
경찰   지하철 탑승 시위  전장연 활동가에 구속영장 신청,Social
  억원대 선박 연료 빼돌려 불법 유통한   명 검거,Social
사망 사고 낸 롤스로이스 에 마약 처방한 의사 구속기소,Social
   억 전세사기   대 징역 중형 청년들 마음 어루만진 판결문 눈길,Social
  대 택시기사 고속도로      역주행  트레픽 브레이크 로 사고 막았다,Social
부산 청년들 울린    억대 전세사기   대   징역   년,Social
검찰  롤스로이스 운전자 마약 처방 의사 구속기소,Social
백미러 안 접힌 차량만 노려     만원 훔친   대 구속,Social
사이다 서비스 줬더니  애 당뇨 걸리니 제로로  할 거면 제대로 해 ,Social
 대왕암 앞에 거대 불상 건립 말라  기독교단체 반발,Social
부산서    억원 전세 사기   대  심서 징역   년 선고,Social
교육부   음대 교수 입시비리 의혹  경희대 현장조사,Social
 롤스로이스 사망 사건  운전자 징역   년 선고,Social
출산율 뚝뚝 떨어져도 강남구  나홀로 증가 ,Social
 위안부 발언  류석춘 무죄 정대협 명예훼손은 벌금형,Social
서울 은평구 아파트 화재 주민   여 명 대피,Social
 압구정 롤스로이스  가해자 징역   년 선고,Social
 월 총선 여야 공천심사 앞두고 경기지역 과열 혼탁 양상,Social
수리 중 움직인 엘리베이터   대 작업자 추락사,Social
 주유 덜 해서 빼돌려  해상유    만 리터 불법 유통한 일당 체포,Social
주식 사놓고 셀프 추천한 애널리스트 징역  년 개월에 항소,Social
 롤스로이스 뺑소니  가해자 징역   년  중형 선고 필요 ,Social
음주운전   대 러시아인  가로등 들이받아 차량 전소,Social
한파 계속 제주 내일까지 많은 눈,Social
 자막뉴스  기름 옮기다가 유유히   외항선 등 쳐먹은 방법,Social
대설특보 해제 빙판길 사고 잇따라,Social
대설 한파에 결항 동파 속출 제주공항 재개,Social
회사 망하는 줄 모르고   퍼주다  전직원 해고통보 한 업체,Social
해상유    만  몰래 빼돌려   고유가 속   억 챙겨,Social
사흘째 계속되는 한파 수도계량기    건 동파,Social
흉기 들고 지구대서 난동 부린   대   유단자 경찰 이 제압,Social
 위안부  매춘의 일종  류석춘  심 무죄 선고,Social
 강남 마약 음료    대 주범 구속 기소 미성년자 마약 투약 혐의,Social
 단독  간첩 잡는다며    년된 보안망 쓰는 경찰 안보수사단,Social
 직원 채용 시 학력차별 말라  인권위 권고  연세대만 불수용,Social
충남 서천 수산물특화시장 화재현장   차 합동감식 ,Social
수도권 상급종합병원   월부터 신규간호사 동시에 최종면접,Social
직장내괴롭힘 신고인이  가해자  근무장소 바꿔달라는데 ,Social
   병원 스토리 수도권 상급종합병원 신규 간호사 최종 면접 같은 기간 시행,Social
성희롱 신고라고 성희롱만 따져보고 사건 종결했다가는 ,Social
임금체계 개편  단 하나의 정답은 없다 ,Social
외항선  해상유  몰래 슬쩍   억 원어치 빼돌린 일당 검거,Social
평택항 해상유   억원치 빼돌린 일당   명 검거,Social
 육아휴직 복귀했더니 승진 누락됐네요 ,Social
분신 택시기사 대책위  반성없는 회사 대표 엄벌을 ,Social
인권위  직원 채용 시 학력차별 개선 권고 연세대 거부,Social
 전북특별자치도 기획 상 대한민국  극 특 퍼즐 완성,Social
정부  약가 보장성 확대  필수약제 안정적으로 공급 ,Social
벙커 유 수십억원 어치 빼돌린 일당 검거 선장 등 구속,Social
인권위  교직원 채용에 학력 출신학교 제한은 차별  연세대 불수용,Social
검찰  중국서 송환된  강남 마약음료  제조책 구속기소,Social
제주공항 운항 재개   해안지역 눈발 약해져,Social
해상유   억어치 빼돌려 불법 유통한 유조선 선장 일당 송치,Social
간호사 수급난 없게 수도권 상급종합병원 채용면접 동시 실시,Social
인권위  연세대  직원 뽑을 때 학력제한 개선 권고 안받아들여 ,Social
외항선 기름 주유하면서   억 원어치 빼돌린 일당 검찰 송치,Social
한쪽 눈 치료에만  억 들던  이 병  건보 적용     만원만 낸다,Social
 변이 바이러스에도 효과  코로나   백신 맞으니 중증화율  뚝 ,Social
인천 평택항서 벙커 유 빼돌린 선장 탱크로리 기사 일당,Social
 빼돌리거나 눈속임    억 상당 해상유 가로챈 일당   명 일망타진,Social
검찰   강남 학원가 마약 음료  주범 구속 기소,Social
류석춘  위안부 매춘  발언 무죄 정대협 명예훼손은 벌금,Social
사흘간 서해안에 눈    너무 추운데 폭설까지 ,Social
 제정신 아니었으니 좀      층에서 아이 던져 죽여놓고  선처호소 ,Social
 주민도 모르게 추진    함양 지방소멸기금으로 골프장 웬 말이냐 ,Social
작년 강남구 출생아         첫아이 낳으면 최대    만 원 ,Social
뉴진스 민지로  칼국수  삼행시      기사 삭제 사과,Social
 자막뉴스   저게 뭐야    고속도로 달리던 앞 차에서 날아온 흉기에  쾅 ,Social
 내가 기소한 사건  구형 줄여줄게  돈 받은 전직 검사 징역  년,Social
마당에 쌓인 눈으로 커피 음료를  위더스푼 레시피 화제,Social
광주 서구 전 현직 의원  김광진은 광주의 자랑이고 서구의 자산 ,Social
 류희림 청부 민원  공익신고자  경찰 수사로 신변 위협,Social
검찰      억 편취  혐의 아도인터내셔널 대표 추가기소,Social
얼굴 덮는 거대종양  의술  아프리카 여성에 미소 선물,Social
조용익 부천시장  중동 기 신도시  재건축 선도지구  선정 추진 ,Social
이재명  윤 대통령 한동훈  정치쇼   김 여사 의혹은  수사받아야 ,Social
서울형 키즈카페   년 반 만에   만명 이용    개로 늘린다,Social
 코로나 때 자살 충동  느낀   대    의  배 왜 그런가 봤더니,Social
가짜초청장 수백명 불법입국   대 추가 기소 실형 추가,Social
  시세   나  젊은 꼰대냐      이어 알파에 밀려나는  세대,Social
검찰   롤스로이스 사건  마약류 처방 의사 구속기소,Social
법원 연락 금지 명령에도  전처에    차례 문자 보낸   대 징역  년,Social
  대 사망케 한 롤스로이스 운전자에 마약 처방    의사 구속기소,Social
 롤스로이스남 마약 처방  의사 구속기소 환자 성폭행 혐의도,Social
경기 남 북 의료인프라 격차 심화  상급종합병원 북부엔   곳 ,Social
 포스트 태릉빙상장  어디로  경기    강원 격돌,Social
 수사 무마 해줄게  청탁 명목으로 수억 뜯은 검사 출신 변호사,Social
녹말 이쑤시개  식품 아닙니다 먹으면 안 되는 이유,Social
 고의 아니다  영아 살해 친모들 첫 재판서  선처호소 ,Social
검찰   강남 마약음료 사건 제조책    대 구속기소,Social
작년 강남구 출생아         첫아이 낳으면 최대    만원 ,Social
인천 자월도 차량서 남녀  명 숨진 채 발견 경찰 수사,Social
서울시의회 민주당  김현기 의장  사견 발표를 기자간담회로 ,Social
 압수한 돈 돌려줘  보이스피싱 환전책  국가 상대로 소송 냈다 패소,Social
 집안 남자들에 좋은 기운 주려고  울산 대왕암에  바다남  낙서한   대 여성 붙잡혀,Social
중대재해법 확대 준비 못해놓고  공포 마케팅 하는 노동부,Social
바위틈 넣어둔 속옷에 덜미  대왕암공원 바위  바다남  낙서 범인은   대 여성,Social
 영상  흉기 들고 지구대 찾은   대   무술   단  경찰관이 제압,Social
흉기 들고 지구대서 난동 부린   대  무술   단 경찰이 제압,Social
강남구  첫 아이 출산 시 첫 달 최대    만원 지원,Social
  세에 초등학력 인증  거창 이근순 할머니  못 배운 한 풀어 ,Social
올림픽대로서     로 저속주행  길막  유튜버 논란,Social
경찰   지하철 탑승 시위  전장연 활동가 구속영장 신청,Social
회삿돈  억 원 빼돌려 도박에 탕진한 직원 실형,Social
 위안부는 매춘  류석춘  심  무죄      의견 소명일 뿐  종합 ,Social
서천 특화시장 합동감식 착수 발화지점 원인 조사,Social
밀양서 사고 난 차량 받은   대 오토바이 운전자 숨져,Social
 위안부는 매춘의 일종  발언한 류석춘 무죄  정대협 명예훼손은 유죄로 벌금형,Social
 단독  경찰   음대 교수 입시 비리 의혹  경희대 압수수색,Social
한파에 수도관 계량기    건 동파 항공  편 결항 뱃길 통제 늘어,Social
강풍 폭설에 멈췄던 제주공항 정상화 임시편도 투입,Social
 위안부는 매춘  발언 류석춘 무죄  부적절하지만 학문의 자유 ,Social
 무료 콜라 중고거래하려고 리뷰 열심히 써요  각양각색 중고거래하는 고물가시대 청년들,Social
 위안부 자발적 매춘  류석춘 교수 무죄    추상적 표현 ,Social
하급자 사비로 상사 식사 챙기는  모시는 날   부산경찰  감찰 조사,Social
대설로 중단된 제주공항 항공기 운항 정상화,Social
금산 불산 누출 공장  피해 주민   명에    만 원씩 배상,Social
 위안부 매춘  무죄받은 류석춘  유죄부분도 항소할 것 ,Social
 젠더 데스크 기자   성평등 보도 확산에 기여 언론사 안팎 편견은 여전,Social
정의연  반역사적 판결  류석춘  위안부 매춘  명예훼손 무죄에 반발,Social
남편을 간병하며 폭언 듣는 아내,Social
 피해자 보며 웃어   질타한 판사 롤스로이스   징역   년  선고,Social
 자막뉴스   위안부는 자발적 매춘  류석춘  년 만에  무죄  이유는 ,Social
경찰 국과수 소방  서천특화시장 화재 원인 규명  감식 시작,Social
살인죄 출소 직후   대 노인 때리고 성폭행  심서 형량 늘어,Social
 위안부 매춘의 일종  발언 류석춘 무죄 정대협 명예훼손은 일부 유죄  벌금    만원 ,Social
 압구정 롤스로이스   심 징역   년 유족측  뉘우침 없어  종합 ,Social
국민연금 월 평균 수령액 전국  위는 울산 동구,Social
대통령 집무실 앞 이태원 유족들  법안 거부가 국정 기조입니까 ,Social
  년 전 이혼한 전처에    차례 문자 보낸   대 징역  년,Social
 지하철 운행 방해  전장연 활동가 구속영장 경찰  역무원들에게 상해 입혀 ,Social
부산 북항재개발지 관통  이순신대로    일 개통,Social
울산시  대왕암공원에 거대 불상 추진 기독교계  철회하라 ,Social
 제보는   요청해도 촬영 안 하면  무용지물     현실 맞게 바뀌어야 ,Social
      폄훼  논란 인천시의장 불신임안 가결 의장직 잃었다,Social
대법  환경오염 피해  개연성만 입증하면 배상 책임 인정  첫 판결,Social
 구독자 모집 대가 금품 거래  전직 기자  경찰  심도 벌금형,Social
     직장인   명 중  명  대중교통 스트레스 ,Social
밀양서 음주운전 승용차 추돌한   대 오토바이 운전자 사망,Social
반복적 음주운전하다 적발되자 친언니 주민번호 댄   대 징역형,Social
 압구정 롤스로이스 사고  가해자  심 징역   년    의사 만류에도 운전 ,Social
행인 치어 숨지게 한  압구정 롤스로이스    대   심 징역   년,Social
김광진 서구을 예비후보 지지선언 이어져,Social
음주운전 전과 공무원 또 만취운전  이번에는 집행유예,Social
  조 기부왕 창업주  삼영산업  직원 전원 해고 누적부채    억 종합 ,Social
 롤스로이스 가해 남성   심 징역   년     잘못 반성 안 해 ,Social
     올림픽 프렌즈  배우 이동욱  동계청소년올림픽  응원  동참,Social
영화관 화장실에 다른 층 손님 우르르  휴지값 돌려줘  소송,Social
울산 기암괴석에 기괴한 낙서 범인이 밝힌 황당한 이유,Social
 위안부 매춘 발언  류석춘 무죄  교수의 자유제한 최소화해야  종합 ,Social
 상사 모시는 날   익명 신고에 부산경찰청  감찰 조사 중 ,Social
 나 잡아봐라  방안에서 나체 상태로 뛰어다닌 남성  체포된 이유,Social
노량진 일대 대규모 아파트 단지로 바뀐다 재개발 계획 잇따라 통과,Social
 시의원들에게 여비 준 혐의  강수현 양주시장  불구속 송치,Social
 강남 마약 롤스로이스 뺑소니  가해자 징역   년 선고,Social
  위안부 는 자발적 매춘  류석춘 무죄 정대협 명예훼손은 벌금형,Social
 고생  고단함 에서  강인함 이미지로   다큐 사진이 제주해녀 인식 바꿨다,Social
인천 자월도 해변 차량서 남녀  명 숨진 채 발견,Social
경찰 앞에서 피 흘리며 뛰어다닌 알몸  집에서  이것  발견됐다,Social
반복적 음주운전하다 적발되자 친언니 주민번호 댄   대 징역형,Social
 압구정 롤스로이스 사고  가해자  심 징역   년    의사 만류에도 운전 ,Social
행인 치어 숨지게 한  압구정 롤스로이스    대   심 징역   년,Social
김광진 서구을 예비후보 지지선언 이어져,Social
음주운전 전과 공무원 또 만취운전  이번에는 집행유예,Social
  조 기부왕 창업주  삼영산업  직원 전원 해고 누적부채    억 종합 ,Social
 롤스로이스 가해 남성   심 징역   년     잘못 반성 안 해 ,Social
     올림픽 프렌즈  배우 이동욱  동계청소년올림픽  응원  동참,Social
영화관 화장실에 다른 층 손님 우르르  휴지값 돌려줘  소송,Social
울산 기암괴석에 기괴한 낙서 범인이 밝힌 황당한 이유,Social
 위안부 매춘 발언  류석춘 무죄  교수의 자유제한 최소화해야  종합 ,Social
 상사 모시는 날   익명 신고에 부산경찰청  감찰 조사 중 ,Social
 나 잡아봐라  방안에서 나체 상태로 뛰어다닌 남성  체포된 이유,Social
노량진 일대 대규모 아파트 단지로 바뀐다 재개발 계획 잇따라 통과,Social
 시의원들에게 여비 준 혐의  강수현 양주시장  불구속 송치,Social
 강남 마약 롤스로이스 뺑소니  가해자 징역   년 선고,Social
  위안부 는 자발적 매춘  류석춘 무죄 정대협 명예훼손은 벌금형,Social
 고생  고단함 에서  강인함 이미지로   다큐 사진이 제주해녀 인식 바꿨다,Social
인천 자월도 해변 차량서 남녀  명 숨진 채 발견,Social
경찰 앞에서 피 흘리며 뛰어다닌 알몸  집에서  이것  발견됐다,Social
학생들에  합성 능욕  당한 초등교사  되레  아동학대 로 신고 당했다,Social
복지장관  의대 정원 늘린 호주 프랑스 고위관계자들 만나 정책 논의,Social
담임 얼굴 노출 사진 합성한 초등생 되레  아동학대  신고,Social
인천 자월도 해안가 차에서 남녀  명 숨진채 발견,Social
 한국건설 수분양자 피해 최소화  조오섭  국토부  차관에 대책 마련 요구,Social
 압구정 롤스로이스 사건   심 징역   년  유족은 여전히 괴롭다  종합 ,Social
 위안부는 매춘의 일종  류석춘 교수  년여 만에 무죄,Social
초대형 겨울축제  서울윈타     만명 발길  글로벌 축제로 ,Social
 수사 무마  미끼 수억 가로챈 검사 출신 변호사  징역  년,Social
 액운 털어내려고  울산 대왕암공원 낙서   대 여성 검거,Social
해병대  영하   도 추위 속 설한지 훈련  적의 어떤 도발에도 압도적 대비를 ,Social
광주시  전남도에 광역철도 노선변경  최후통첩  갈등 심화,Social
 위안부  자발적 매춘  발언 류석춘  무죄  정대협 부분 일부 유죄 상보 ,Social
바위틈 넣어둔 속옷에 덜미 울산 대왕암공원 낙서범 잡혔다,Social
서울형 키즈카페 올해    개로 늘린다 주말 운영시간도 연장,Social
   만명 찾은  서울윈타  서울 대표 겨울축제 브랜드로 육성,Social
 서울형 키즈카페     개로 늘린다 주말 오후  시까지 운영,Social
 위안부 명예훼손 논란  류석춘   심서 벌금형 일부 유죄,Social
안동상의 회장추대위   현 회장 사퇴  이동찬씨 추대키로 ,Social
제주 하늘길 뚫렸지만  한라산은  일째 통제   눈     이상 쌓여,Social
해외연수 시의원들에    달러씩  돈봉투  강수현 양주시장 송치,Social
 시화 매립지  꽃 향기 정원으로 탈바꿈     년까지  경기정원 ,Social
울산 대왕암공원 바위 낙서범 잡아  액운 막으려 그랬다 ,Social
 내가 기소한 사건  구형 줄여줄게  전관 변호사 징역  년,Social
김홍일 방통위원장  포털 뉴스 공정성 제고 차질 없이 추진  뉴시스    ,Social
 압구정 롤스로이스   징역   년 법원  증거인멸 급급  중형 불가피 ,Social
검찰    억대 장학회 돈 횡령  김만복   국정원장  심 판결에 항소,Social
 위안부는 매춘의 일종  발언한 류석춘 전 연세대 교수 무죄,Social
 민폐 주차   에 주차금지 입간판 올려 경고한 주민  벌금형 무죄,Social
밀양 부북면   번 국도서 추돌사고 오토바이 운전자 숨져,Social
지하철 탑승 시위 중 직원 깨문 전장연 활동가 구속영장,Social
소이증  귀재건 중 혈관손상 위험  이 경우  수술 주의를,Social
롤스로이스   심 징역   년 피해자 측  구형 더 높았다면  종합 ,Social
 스브스픽  판사도  마땅히 중형   압구정 롤스로이스  징역   년,Social
폭설에 빙판길 된 제주  눈길사고   건   명 병원이송,Social
야근한 직원에게  새벽 별 보러 가자  양평 데려간 대기업 간부,Social
 처벌 낮춰준다  수억 원 수수 혐의 검찰 전관 변호사 실형,Social
회삿돈  억원 빼돌려 도박으로 탕진한   대 징역  년,Social
 롤스로이스 사망 사건  운전자 징역   년 도주 약물 모두 인정돼,Social
학교 떠나는 유 초등 교사들 서울 공립 명퇴   년 간 최대,Social
주차된 차  쾅쾅  철원서 음주사고 후 미조치 도주   대 붙잡혀,Social
전희경  의정부갑 출마선언  의정부는 삶의 뿌리이자 원천 ,Social
 액운 털어내려고    울산 대왕암공원  바다남  낙서범 잡았다,Social
 피해자 보고 웃어  압구정 롤스로이스 운전자 징역   년,Social
밀양서 사고 난 승용차 추돌  오토바이 운전자 숨져,Social
 피해자 보며 웃었다  판사도 분노 롤스로이스  징역   년,Social
망치 톱 들고 지구대 찾아온   대  무술   단 경찰에게 제압당했다,Social
 우리 피 보자  끝을 보자  연락금지 명령에도 전처에  문자    차례  보낸   대,Social
 위안부는 자발적 매춘  류석춘 무죄 학문의 자유 인정한 법원,Social
류석춘  위안부 발언  무죄 정의연 명예훼손은 벌금형,Social
비조합원 앞 못볼 정도 다쳤는데   화물연대  얼굴 안 때려   영상 ,Social
 이 음료  한달에 한번만 마셔도 잠 못잔다  수면 질도  뚝  떨어져,Social
사흘째  대설특보  광주 전남 빙판길 사고 잇따라,Social
 손톱 망가지니 오렌지 좀 까줘  식당 알바에 황당 요구한 손님,Social
인천시의회       폄훼 논란  허식 의장 불신임안 통과,Social
새 외국인 카지노   년 만에 문 연다,Social
  대   숨지게 한  압구정 롤스로이스     심서 징역   년,Social
 경찰 치부 드러낸 보도 압수수색 덮으려는 건가  디스패치 반발,Social
 압구정 롤스로이스남  징역   년  무고한 사람 희생 ,Social
 자녀 앞에서 흉기 휘둘렀다    년 같이 산 아내 살해한 남편,Social
주차된 차  쾅쾅  철원서 음주사고 후 미조치 도주   대 붙잡혀,Social
학교 운동부 예산     만원 횡령   체육교사  집행유예 ,Social
여당 탈당 이언주  돌고 돌아 다시 민주당으로,Social
롤스로이스   징역   년 피해자 측  검찰 구형 더 높았다면  종합 ,Social
충북 밤사이 눈길 낙상 교통사고 잇따라  명 부상,Social
 너네 죽이고 나도 죽겠다  망치 톱으로 경찰 위협한   대    검거,Social
 압구정 마약 롤스로이스    징역   년 법원  피해자 보며 웃어  질타,Social
    인사청탁  뇌물수수 혐의 현직 치안감 구속영장,Social
결혼할 여친    차례나  엄벌해달라  딸 얼굴 공개한 유족,Social
깍듯이   도 인사한    어깨 툭 치며 악수한  ,Social
검찰   장학회 공금  억 횡령  김만복 전 국정원장 징역형 집유에 항소,Social
건설업 위기 확산 광주 전남서 법정관리 신청 잇따라,Social
밀양서 차량 글램핑장 화재 잇따라  명 숨져,Social
   모티브  총기부품 불법 수출 혐의로 전직 직원 고소,Social
 이정도면 같이 쉴만한데   육휴  부모에 최대     만원 혜택 주는 제주,Social
 피해자 보며 웃었다  롤스로이스    심서 징역   년 선고,Social
 집에  초대남  커플 불렀는데 도둑질   억 시계 명품 훔쳐갔다 ,Social
 수사 무마해줄게  수억 뜯은 검사 출신 변호사   년 실형,Social
 액운 털어내려   울산 대왕암  바다남  낙서한   대 여성 검거,Social
     폄훼 논란 허식 인천시의장 불신임안 가결 의장직 상실,Social
국내 연구진  극성 반도체 입자인  트라이온 의 생성 원리 찾아,Social
  대 여성 치어 숨지게 한  압구정 롤스로이스  운전자 징역   년 선고,Social
불법 유턴하다 잡힌   대 알고 보니 사기죄 수배범 법원 실형 선고,Social
국가보안시설 또 뚫렸다  한울원전 노트북 무단 반입 파장,Social
 구형량 줄여줄게  피의자 속여 수억 챙긴 전직 검사 실형,Social
      데이터 폭증 해결할 광원 소자  최초 개발 ,Social
강남구에선 아이 한 명만 낳아도    만원 서울 자치구  출산양육지원금  확대 경쟁,Social
   분 만에 간 한동훈  윤석열 왜 왔나  서천시장 상인들 분노,Social
 단독 횡령 배임 고발 전남 목포시 출연기관  목포수산물유통센터  경찰 수사 착수,Social
류석춘  위안부 매춘발언  무죄 정대협 명예훼손은 유죄로 벌금,Social
 오송 참사  충북도 공무원  명  구속 갈림길 영장심사,Social
울산 대왕암공원  바다 남  낙서범 붙잡혀  가족 액운 털어내려고 ,Social
 압구정 롤스로이스   징역   년 검찰 구형대로 선고,Social
 액운 막겠다 며 대왕암공원 기암괴석에 낙서한   대,Social
 제가 모시겠습니다   부산 경찰  상사 식사 챙기는  모시는 날  논란,Social
고양시  자유로 지하화 등 광역교통 도로망 개선  교통체증 해소,Social
고양시  출퇴근 도로망 개선 총력  교통체증 해소 ,Social
      폄훼  논란 인천시의장 불신임안 가결 의장직 상실,Social
제주공항 항공기 운항 정상화 국내선 등   편만 결항,Social
 롤스로이스    심서 징역   년  증거인멸 급급  피해자 보고 웃어 ,Social
추락 사망 전 비슷한 사고    소 잃고도 외양간 안 고친 삼성중공업,Social
 시의원 돈봉투 전달  강수현 양주시장 송치,Social
 나 손 아프니까 오렌지 까줘   식당서 황당 요구,Social
살인죄 출소  년  개월만에 성폭행   대  항소심서 형량 늘어,Social
 수도권 대학 진학생 집 주겠다    울릉군수  교육정책  파격 제안,Social
 마약 롤스로이스 뺑소니  가해자  심 징역   년,Social
 영상   아악   나체 상태로 집안 뛰어다닌 남성 잡고 보니  마약 ,Social
자월도 해안가 승용차 안에서 남녀  명 숨진 채 발견,Social
사람 얼굴  확  문 들개    포획 나섰지만  아직   지금이뉴스 ,Social
강릉서  음주 운전    대 러시아인 전봇대 들이받아  차량 전소,Social
 위안부는 매춘의 일종  류석춘 전 연세대 교수  심  무죄 ,Social
   서 만난 여성 신체 몰래 촬영한   대,Social
 압수한 돈 돌려달라  소송 낸 보이스피싱 환전책  패소 ,Social
 액운 털어내려고  울산 대왕암공원 바위 낙서범 검거,Social
김포 고등학교서 한밤중 화재   시간반만에 완진  인명피해 없어,Social
  보  류석춘  위안부 매춘발언  무죄 정대협 명예훼손은 일부 유죄,Social
 뇌사자 간 기다리던 중증환자  생체 간 이식하니 생존율  배  ,Social
 구형량 줄여주겠다 며 금품 수수 전관 변호사  심 실형,Social
몸에 좋은 황기  이렇게 볶으면 인지능력 개선  쑥 ,Social
 남북활주로 까지 열렸다   제주공항 체류객  만 명 빠져나가나,Social
초등생들  비키니  합성  뿌렸는데 아동학대 신고당한 교사,Social
 지하철 탑승 시위  전장연 활동가 구속영장,Social
류석춘  위안부는 매춘   심 무죄   정대협 관련 발언엔 벌금    만원,Social
 얼굴 물려   바늘 꿰맸다  부산 한복판  야생 들개  비상,Social
 콘서트 티켓 싸게 팔아요      만원 사기친   대 실형,Social
 위안부는 매춘  발언 류석춘 전 교수 무죄 정대협 명예훼손은 일부 유죄,Social
 내가 기소한 사건  구형 줄여줄게  돈 챙긴 전직 검사 실형,Social
복지부  인구 줄지만 고령화로 의료 수요 팽창 ,Social
 통로주차   에 주차금지 간판 올렸다가 벌금형  심서 무죄로,Social
인천 자월도에 주차된 차량서 남녀  명 숨진 채 발견,Social
 남자의 로망이죠  조규성  장발 유지하는 이유,Social
 기부왕 이종환 창업주  김해 삼영산업  직원    명 해고 통보,Social
인천 자월도 주차 차량서 남녀  명 숨진 채 발견 경찰 수사,Social
고양시   자유로 지하고속도로  등 광역도로 교통개선 추진,Social
울산 대왕암 낙서는 주술 행위   대 여성 검거  남자들 좋은 기운   ,Social
롤스로이스로 인도 돌진해 사망사고 낸   대  징역   년 선고,Social
 액운 막으려  대왕암에  바다남  낙서,Social
편두통 예방에 좋은 약은,Social
지자체  급 승진 교육  베껴 쓰기  없어진다,Social
 전기장판  절대  이것 과 같이 쓰지 마세요 ,Social
 뉴스라이브  설 대목 앞둔 서천특화시장 화재   오늘 감식 착수,Social
 속보  법원  압구정 롤스로이스 사고  가해자 징역   년 선고,Social
플라스틱 공장서 혼자 일하던   대 남성 금형 기계에 참변,Social
      폄훼  인천시의장 불신임안 가결  의장직 상실 의원신분 유지 ,Social
한라산에 나흘간       눈 쌓여 내일까지     더 내릴 듯,Social
인천 전역 한파주의보 해제 오전   시          도,Social
 부하직원 돈으로 상급자 밥 사먹여  부산경찰 악습에 감찰 조사,Social
지구대 찾아가 망치 톱으로 경찰 위협    대 송치,Social
 민폐 주차  차량에 주차금지 입간판 올려 응징  무죄 ,Social
     억대 장학회 돈 횡령  김만복   국정원장  심 판결에 항소,Social
 맨날 술 먹고 염 하지  청년센터에 욕설 폄훼 쏟아낸 시의원,Social
법원  도주치사  압구정 롤스로이스 남  징역   년 선고,Social
마약운전 교통사고에 도주까지 롤스로이스 뺑소니 징역   년 선고,Social
     은 내란  배포 논란 인천시의회 의장 불신임안 가결,Social
광주 북구을 여론조사서 이형석 전진숙 초박빙 접전,Social
 광주    김낙곤 사장 기소를 촉구합니다 ,Social
  대 여성 사망케 한  압구정 롤스로이스남  징역   년형 선고,Social
 단독   쌍방울 대북송금 의혹 수사  김영남 부장검사 사의 표명,Social
   인 미만 사업장  안전체계 만들겠다  정부  국회에 중처법 유예 호소,Social
       에   앞유리가 와장창    지붕에 쌓인 눈   얼음 흉기 로 돌변,Social
회삿돈  억 횡령해 도박 탕진한 인사팀 직원에 징역  년,Social
 내가 기소한 사건  구형 줄여줄게  돈 챙긴 전직 검사 실형,Social
 속보  명예훼손 아냐   위안부는 매춘  발언 류석춘 전 연세대 교수 무죄,Social
롤스로이스   심 징역   년  도주치사 혐의      죄책 중해 ,Social
 속보   압구정 마약 롤스로이스     심서 징역   년,Social
지하도 침수 위험 실시간 안내 민관 손잡고 내비게이션 고도화,Social
피해자보호명령 받고도 전처에게 수백차례 문자   대 징역  년,Social
경기도가  문재인 정부  통계조작 의혹 수사를 홍보 ,Social
이 강추위에 고공농성    그는 이런 사람입니다,Social
 집안 남자들 좋은 기운 받게 하려고   울산 대왕암공원 낙서범의 해명,Social
 아아악   알몸으로 뛰어다닌 남성  제압하고 보니   ,Social
 액운 막으려  울산 대왕암공원 낙서범 검거,Social
 속보   위안부는 자발적 매춘  류석춘   심 벌금    만원 선고,Social
이경규 장도연 등에 출연료 안 준 기획사 대표  횡령 혐의 집유,Social
    원만      년째 지속된  온라인 구걸 에 누리꾼 눈살,Social
 콘서트 티켓 싸게 팔아요      만원  먹튀 한   대  징역  년,Social
      왜곡 신문 배포  허식 인천시의장직 상실 불신임안 가결 종합 ,Social
부산 북항재개발지역 관통  이순신대로    일 개통,Social
밀양서 차량 글램핑장 화재 잇따라  명 숨져,Social
 고발 사주  제보자 조성은  입당원서 조작 혐의로 재판행,Social
    원만      년째 지속된  온라인 구걸 에 누리꾼 눈살,Social
 콘서트 티켓 싸게 팔아요      만원  먹튀 한   대  징역  년,Social
      왜곡 신문 배포  허식 인천시의장직 상실 불신임안 가결 종합 ,Social
밀양서 차량 글램핑장 화재 잇따라  명 숨져,Social
부산 북항재개발지역 관통  이순신대로    일 개통,Social
 고발 사주  제보자 조성은  입당원서 조작 혐의로 재판행,Social
 속보   위안부는 자발적 매춘  류석춘 교수  심서 무죄,Social
 만    여명 발 묶인 제주공항    일 항공편 재개,Social
 최대       폭설  광주 전남 빙판길 교통사고도  속출  종합 ,Social
아들 가방에  몰래 녹음기  넣은 주호민 부부  아동학대 로 신고당했다,Social
롤스로이스    심   년형  반성않고 증거인멸 급급  상보 ,Social
유세윤 장도연 출연료 안 준 기획사 대표     억대 횡령 혐의 징역형,Social
 압구정 롤스로이스 사망 사고  가해자  심 징역   년,Social
겨울잠 자고    만 원 받는다 시몬스 이색 알바   만 명 몰려,Social
 롤스로이스 인도 돌진  가해자 징역   년 선고,Social
 역무원 시절부터   년 준비   지하철   분 재승차 제안  임국현 서울시 팀장 스 우 파 ,Social
 압구정 롤스로이스  인도 돌진   대   심 징역   년,Social
역사적 상징물에    자가    서울 울산에 이어 제주도 낙서 테러,Social
 압구정 롤스로이스 사고  운전자   심서 징역   년,Social
 그 때 참 힘들었지    대  남성보다 자살 충동  배 더 컸던 시기,Social
역사적 상징물에    자가    서울 울산에 이어 제주도 낙서 테러,Social
 압구정 롤스로이스 사고  운전자   심서 징역   년,Social
 그 때 참 힘들었지    대  남성보다 자살 충동  배 더 컸던 시기,Social
비행기 떴다 기상악화 풀린 제주공항 항공기 운항 정상화,Social
루이비통  샤넬  짝퉁 명품 에 발암 물질  범벅 ,Social
    중 엉덩이 움켜쥐었다  트레이너 성추행 신고했지만  무혐의 ,Social
  기업까지 뛰어든 가정용 심전계 시장 최후 승자는 ,Social
담임에 노출 여성 합성한 학생들 교권 피해 신고에  아동학대  보복 ,Social
제주  성급 리조트 더 시에나   박에  박 더  프로모션,Social
 미분양 무덤  대구서 주택사업승인 반납 사례 발생,Social
 속보   압구정 마약 롤스로이스 운전자   심 징역   년,Social
셀트리온    우시   와     신약 개발 공동 개발,Social
 도주치사 혐의  롤스로이스   심 징역   년    죄책 중해   보 ,Social
 속보  압구정 롤스로이스남   심 징역   년,Social
 담임  성적 수치심 느껴  신고했지만  아동학대 로 역신고 당했다,Social
하루 식사시간     분    대만 간호사들의 폭로,Social
이경규 장도연 출연료 미지급 기획사 대표  횡령혐의 집유,Social
 민폐주차  차량 위에  주차금지  입간판 올린   대  항소심서  무죄 ,Social
 남녀 속옷 에 꼬리 잡혔다 기암괴석  바다남  낙서범 검거,Social
인천 영종도  한국판 라스베이거스 로 변신   국내 최대 카지노 승인,Social
 남녀 속옷 에 꼬리 잡혔다 기암괴석  바다남  낙서범 검거,Social
  인당  주일 일회용 플라스틱   개 사용 폐기물  생수 음료  최다 ,Social
주호민 부부   아동학대 로 신고당해  아들 방임  주장한 특수교육전문가,Social
 신호 위반 차에 치여 다리 절단 가해자는 사과 한마디 없네요 ,Social
 먼 곳 자식보다 이웃사촌  경남형 통합돌봄 확대한다,Social
 압구정 롤스로이스 뺑소니  운전자   심서 징역   년,Social
스키 시즌 대목인데 춘천 대형 스키대여점 화재로 전소,Social
 경찰이 압수한 돈 돌려달라  국가에 소송 건 보이스피싱 가담자 패소,Social
적자    억에 직원 월급도 밀릴 뻔 제주대병원 무슨 일 ,Social
 피해자 보고 웃어     압구정 롤스로이스  가해자 징역   년,Social
 안전운전만 할꺼다  올림픽대로서 시속     로  길막 하던 유튜버,Social
이경규 장도연  억대 출연료  못 받았다 기획사 대표  징역형 집유,Social
제주도 폭설 강풍 사흘째 하늘 바닷길에 결항 이어져,Social
학교 운동부 예산  천만원 횡령한 교사 징역형 집행유예,Social
울산 대왕암공원  바다 남  낙서범 검거   액운 쫓으려고 ,Social
 속보   압구정 롤스로이스    심 징역   년 선고,Social
 이경규 등 출연료 미지급  기획사 대표 횡령 혐의 집유,Social
 손톱 망가지니 오렌지 좀 까줘  식당 알바생 부르더니 황당 요구,Social
무면허 음주 적발되자 친언니 주민번호 댄   대 징역형,Social
수리 중 갑자기 움직인 엘리베이터 평택 공사장서   대 추락사,Social
 난   와 각별   조원 수표도 하사했다  거짓말로  억원 가로챈   대 ,Social
 매진된 콘서트표 팝니다  표 안 보내고     만원  꿀꺽    대 결국,Social
 중처법      제조 건설업  기어코 강행   카페에선  공장만 적용 아녜요  ,Social
나주혁신도시 오피스텔    채로 갭투자 전세 사기,Social
올림픽대로에서 시속     로 운전  민폐냐 아니냐  갑론을박,Social
결국 강제수사 나섰지만  이선균 수사정보유출  면죄부 우려도,Social
울산 대왕암공원 바위 낙서범 잡고보니   대   가족 액운 털려고  ,Social
      폄훼  논란  인천시의장 불신임안 가결 의장직 상실,Social
 간만에 간 찜질방  요금 이게 맞아       년 이후 최고치 찍었다,Social
서천 전통시장 화재  차 합동감식   발화지점 집중 조사,Social
대설 한파 여파  전국 항공기    편 결항  도로도 곳곳 통제,Social
순직한 소방관 딸 위해 생일파티 열어준 동료들  훈훈 ,Social
 류희림 위원장님께 묻습니다  방심위 내부 저항은 이렇게 시작됐다,Social
제주공항 운항 재개 오늘    편 운항 예정,Social
 매진된 콘서트 티켓 팔아요       만원  먹튀 한   대 실형,Social
윤통 패딩에 주목한 언론    화재 피해 상인들 분노는 삭제됐다,Social
저출생 파격 대책 내놓은 서울시의회  현실화까지는 ,Social
 민폐 주차  차량에 주차금지 입간판 올린   대 항소심서 무죄,Social
사흘째 북극 한파 추워도 너무 춥네  뉴시스    ,Social
남성만  영업직 인 회사   영업직 만 승진했다  간접 성차별  인정 플랫 ,Social
제주 하늘길 열렸다    일  만여명 제주 빠져나간다,Social
 김주열 열사 역사 탐방한 아이들  그날의 아픔 이해하고 애도 ,Social
검찰   장학회 돈 횡령  김만복  국정원장 집유 선고에 항소,Social
주호민 부부  아동학대로 신고 당해  아이가 가정에서 폭력 모방한 듯 ,Social
호남 사흘째 폭설에 최고     쌓여 제주공항 항공편 운항 차질,Social
부산항 북항 재개발지역  이순신대로    일 개통,Social
인구 줄어 의대 증원 불가   고령화로 의료 서비스 급증 ,Social
제주공항 운항 재개   해안지역 눈 약해져,Social
 기후동행카드  판매 첫날부터 인기 누가 쓰면 이득 ,Social
제주공항  오늘 비행기 뜬다 대형항공기 등 체류객 수송 총력,Social
학생들에  합성 능욕  당한 교사  되레  아동학대 로 피소,Social
주차단속 시간 조정에 뿔난 용인 지역 상인들,Social
오늘은 뜬다   제주공항  항공기 운항 정상화,Social
서해안 사흘째 폭설   강추위에 도로도  꽁꽁 ,Social
광주 전남 대설특보 오전까지 최고      눈,Social
밀양시 글램핑장 불  인명피해 없어    만원 재산피해,Social
중대재해법 확대 적용     정부   에 개정 요청     만 근로자에 피해 ,Social
 배달의민족  배달 취소 피해 업주에 전가  알고리즘 변경 논란,Social
 고  이라고 속이고는     대 남성    대 여학생에 성범죄,Social
      폄훼 논란  허식 의장 불신임안 가결  의장직 박탈,Social
울산 대왕암공원  바다남  낙서 범인  집안 남자들 좋은 기운 받으라고  ,Social
총선 앞두고 대책 없는 감세에도 언론들  호평  일색,Social
울산 기암괴석에  바다남  낙서한 범인은   대 여성 대체 왜 ,Social
김두관 민주당 경남도당위원장  균형있게 국회의원 배출 응원해 주시길 ,Social
코로나 때   대 여성이 남성보다 극단 선택 충동  배 높았다  왜 ,Social
최강 한파에 전국  꽁꽁  동파 한랭질환자 속출,Social
 이선균 수사보고서 유출  압수수색 당한 디스패치  경찰 치부 덮는 데 쓰지 않길 ,Social
 시속    로 주행해 차량 정체  느림보 운전한 유튜버  결국 ,Social
인천 자월도에 주차된 차량서 남녀  명 숨진 채 발견,Social
장례식장 난투극 벌인 조폭들에 유죄 선고  영화  친구  모티브 조직,Social
고 인 척 미성년자 속여 룸카페서 성폭행한   대  가족에 범행 발각,Social
 압수된 돈 돌려줘  보이스피싱 환전책  국가 상대 소송 패소,Social
 통로에 왜 주차해  차 지붕에  주차금지  간판 올린 주민  무죄 ,Social
   치안감 등 경찰관  명 영장 사건브로커 통해 승진 청탁 혐의,Social
 콘서트 티켓 팔아요       만원  먹튀 한   대   징역  년 ,Social
압구정 롤스로이스   오늘  심 결론   징역   년 구형,Social
 바다남  울산 대왕암공원 페인트 낙서한   대 여성  이유는 ,Social
한파 대설 피해 계속   항공기    편 결항  계량기 동파    건,Social
들개가 사람 얼굴까지 물었다 부산시민공원 포획 나서,Social
 단독  교육부   음대 교수 입시비리 의혹  경희대 현장조사,Social
눈보라 잦아든 제주공항 항공기 운항 정상화,Social
부산 동래구 상가에서 불  건조한 날씨 속 화재 잦아져,Social
 출생 교육 돌봄까지  부산형  트리플 케어  늘봄 프로젝트 본격화,Social
체감온도 영하   도   기록적 한파  금요일까지 지속,Social
 아이가 모방한 듯  되레  아동학대  신고 당한 주호민  허위 사실 ,Social
     만원 돌려줘  범죄피해금 반환 요구한 보이스피싱 환전책,Social
정부    년 만에  단통법  폐지  지원금 경쟁으로 소비자 편익 늘리겠다 ,Social
제주 항공편 서서히 재개 발 묶인  만명 공항으로,Social
 다이어트 한 것도 아닌데 저절로 살 빠졌어요  빨리 병원 가야할 이유,Social
이경민 영도구의회 의장  김기재 구청장 폭행 혐의 고소 취하,Social
 가족 액운 막기 위해   울산 대왕암공원 낙서   대 여성 붙잡혀,Social
 출산율 꼴찌 에 특단 대책 내놓은 김현기 서울시의회 의장  소득 기준 제한 없애자 ,Social
  카톡서 발견된 남편의 불륜  알고보니 상대는 아파트 동대표 ,Social
김포 마산동 고등학교 불 인명피해 없어,Social
    사건 브로커  인사청탁 의혹 현직 치안감 등  명 구속영장 청구,Social
      왜곡 신문 배포  허식  인천시의장직 상실 불신임안 가결,Social
      폄훼 인쇄물  돌린 허식 인천시의장 결국 의장직 박탈,Social
 수업시간    기기 사용  시간 늘수록 수학 점수  점씩 하락 ,Social
셀트리온   우시와     신약개발 맞손  임상물질 생산 ,Social
검찰   장학회 돈 횡령  김만복 전 국정원장 징역형 집유에 항소,Social
 살려주세요    원   년째 온라인구걸  그 시간에 일하면    만원 벌었겠다 ,Social
  인 미만 중대재해법     장관들  유예해야  마지막 호소,Social
한파 속 전국 곳곳에서 화재 잇따라,Social
부모에  예비  이랬는데  룸카페서   살 여아 성범죄 저지른   대 ,Social
한라산     눈 폭탄에 영하권 사흘째 꽁꽁 언 제주,Social
호남지방 대설특보 오전까지 최고      눈,Social
 핫클릭  핵 위협 기후 변화에  지구종말시계  올해도   초  ,Social
수리하던 엘리베이터가 갑자기   대 작업자 추락사,Social
보이스피싱 환전책  체포 당시 압수한  천만 원 돌려줘  소송,Social
다산신도시 힐스테이트 지금 디포레  영화관  씨네큐  오픈  다이소  입점예정,Social
엘리베이터 수리하던   대 기사 추락 사망,Social
광주 전남 중소건설사 줄줄이 법정관리 신청,Social
나도 모르게 취소된 항공권    가족여행이 악몽이 된 순간,Social
 말기 간질환 생체이식 생존율 더 높다  이식대기 줄까,Social
 자막뉴스  돼지머리 무혐의  너무 당연한 결과     이슬람 사원 안갯속,Social
 사흘째 영하권 강추위  광주 전남 최대       많은 눈,Social
이경규 장도연 억대 출연료 못받아 기획사 대표 횡령 혐의 집유,Social
제주공항 운항 재개  일부 결항,Social
 담임 얼굴에 비키니  합성  피해 알리자 학부모들  아동학대  신고,Social
한파 대설에 항공기    편 무더기 결항 여객선도  꽁꽁  묶였다,Social
광주 사흘간 눈        미끄러지고  꼬리물고  출근길 엉금엉금,Social
 제주도 갈때 항공편 꼭 확인해야 ,Social
영화  친구  조폭들   친구 복수한다 며 장례식장서 난투극하다 처벌,Social
부산 상가건물서 불  인명피해 없어  명 대피  명 구조,Social
 경찰 인사 청탁 관여  혐의 현직 치안감 구속영장 청구,Social
 티켓 싸게 판다 며     만원  먹튀 한   대 결국 감방 ,Social
춘천출신 육동인 전 청와대 춘추관장  경인여대 신임 총장 선임,Social
   가 하사한  조 원 수표  거짓말로  억 뜯어낸 사기꾼,Social
제대로 작동 안 한 소방설비 서천시장 화마 키워,Social
재난 현장서 순직한 소방관 딸 위해 생일파티 열어준 동료들,Social
  월   일 수  오늘  서울시   엄마아빠택시    개 전 자치구서 확대 시행,Social
울산 대왕암공원 기암괴석 낙서 범인 잡아  액운 막으려 낙서 ,Social
 내 손톱 망가진다  갈비탕집 알바생에 오렌지 까달라고 요구한 손님,Social
불산 누출 후 주민들 기침 가래 호소  개연성 있어     만원 배상 ,Social
 아직도 네 서방 안 나서네    년 전 이혼한 전처 스토킹한   대,Social
강남구  첫 아이 낳으면 최대    만원 지원 서울 전체서 유일하게 출생아 증가,Social
정부 보조금   억원  꿀꺽  허위 서류로 지원금 받은 교육업체,Social
인천 자월도 차량서 남녀  명 숨진 채 발견 경찰 수사,Social
호남 사흘째 폭설에 최고     쌓여 제주공항 항공편 운항 차질,Social
회원 엉덩이 움켜쥔 트레이너 성추행  무혐의 ,Social
 재판 지연 해소  법원  시니어 판사 도입    활용 검토,Social
보이스피싱 환전책  체포 당시 압수한  천만원 돌려줘  소송,Social
일평생 약자를 사랑하고 보호자가 된 목자  마지막 길엔 장기기증 그립습니다 ,Social
전국 한파 대설에   일까지 항공    편 결항 다행히 인명피해 없어,Social
강원 산지는 체감    도 전국 덮친 한파 오늘도 이어져,Social
 제자리에서 빙글빙글    석달 째 폐그물에 걸린 아기돌고래 운명은   영상 ,Social
오늘은 비행기 뜬다 눈보라 갇혔던 제주공항  셧다운  해제,Social
 우리 애는 왕      왕자처럼 대하라  논란된 학부모 근황,Social
   가 나한테  조원 수표 줬다  거짓말로  억원 편취한   대,Social
 상습 교통체증  자유로 고양시 구간 지하 고속도로화 추진,Social
김영미 예비후보  지방 살려야 서울도 살고 국가도 산다 ,Social
은평구 아파트  층 안방서 불 주민  명 병원 이송,Social
 치매 진단     년 전 뇌 회색질 두께 얇아져 ,Social
내일 출근길도 한파 계속 서울 아침 최저     도 ,Social
명절 장사 앞두고 쌓아둔 물건 모두 타   상인들 망연자실,Social
 단독      달러 여비하세요   시의원에 돈봉투 살포  양주시장 송치,Social
사흘째 연이은  눈폭탄   남부권 도로 끊기고 사고 속출,Social
북극발  최강 한파  한랭질환 등 피해 속출,Social
경찰     이선균 수사 정보 유출 의혹  디스패치 압수수색,Social
 결혼 약속한 딸을    회 찔렀다 우발적이라고   유족의 절규,Social
 고교학점제  내년인데  입시는 그대로  나만의 시간표  성공할까,Social
 도로 얼어붙고 고드름 생기고  부산 한파 강풍에 신고 잇따라,Social
미성년자 속여 룸카페서 성폭행한   대   피해자 부모에게  예비 고교생 이라 소개,Social
 고교 패러다임 전환  문 정부 교육공약  호 정시 늘리며 엇박자,Social
김포 한 고교서 한밤중 화재  시간  분 만에 완진,Social
  살 삼양  열무비빔면  역사속으로  팔도에 밀려 생산 중단 ,Social
 콘서트 티켓 팝니다  중고나라     만원  먹튀    대 징역 년,Social
 상품권 콘서트 티켓 팔아요      만원 먹튀한   대 징역  년,Social
     건물주에 휴지값     만원 받아내고도 웃지 못한 이유,Social
한파 속 전국 곳곳에서 화재 잇따라,Social
최강 한파에 건설 현장도  비상   년간 미끄럼 추락사    명,Social
 내일날씨   서울 아침 최저    도  출근길 한파 계속,Social
제주공항 운항 재개   대설 강풍에 출발 지연 속출,Social
 대설특보  지속 제주공항 운항 점차 정상화   사전 결항   여 편,Social
몸에 폐그물 감긴 채 제자리  빙글  아기돌고래  석 달째 고통,Social
      조끼 입고 계단  소방관 체력시험  남녀 기준  같아진다,Social
강남구에서 출산하면 첫달 최대    만원 받는다,Social
 노출 에 담임 얼굴 합성하더니  문제되자  아동학대 로 역신고,Social
빼돌린 정부 보조금    억대  교육업체 대표  태국으로 도주,Social
 우리 끝까지 가보자    년 전 이혼한 전처 스토킹한   대,Social
 엉덩이 주물렀는데     트레이너  성추행  무혐의  왜,Social
 미국 치대 유학 보내줄게  거짓말로     만원 뜯은   대  징역  개월 ,Social
대장동 재판   일 만에 재개됐지만 이재명  재판부 허가로 오후 퇴정,Social
서울 영하   도 등 전국 종일 영하권 강추위 충남 호남 제주 많은 눈,Social
     폭설  제주 공항  만명 발 묶였다  모레까지 전국 칼바람,Social
 이경규 장도연 등에 출연료 미지급  기획사 대표 횡령으로  집행유예 ,Social
 최저 영하     도  강추위 폭설로 항공기    편 결항,Social
 인터넷 와글와글   일왕 외동딸  아이코 공주  취업한다,Social
 콘서트 티켓 팔아요    명에     만원  먹튀     대의 최후,Social
결혼 앞둔 여친    회 찔러 살해 숨진 딸 공개하며 중형 촉구한 유족,Social
 인터넷 와글와글  한소희  나탈리 포트먼과 인증 샷 공개,Social
동대문구청 압수수색    청량리 재개발 특혜  있었나   띵동 이슈배달 ,Social
서울 낮 기온도   도 강추위 바람 강해 체감온도 ,Social
 남편 죽을 수도  신고   출동하니 집단 마약,Social
 학생들 볼 자신 없어   담임 얼굴 합성  손가락욕   신고했더니 되레  아동학대 ,Social
제주 눈길 미끄러져 꽈당   교통사고 쾅      명 병원행 ,Social
 차선변경 알려준다 며 일부러 거북이주행 교통체증 일으킨 유튜버,Social
 체감온도      도  깜짝 놀란 출근길 모레 아침까지 전국이  꽁꽁 ,Social
 인터넷 와글와글   짧은 머리  유아인  우울증 앓았다 ,Social
 나흘간     눈폭탄  제주 도로도  하늘 바닷길도  꽁꽁 ,Social
순직 소방관 딸 위해 생일파티 열어준 동료들,Social
   가 하사한  조 수표  거짓말로  억 가로챈   대,Social
 화단에 마약 뒀다   던지기 하며 가상화폐로 거래한 남성 징역  년,Social
남편 추락사 현장 찾아온 베트남 아내 원인 규명 사과 요구,Social
현대위아  작년 해외서  조   억 원 규모 등속조인트 수주,Social
야근한 직원에게  별 보러 가자  성희롱 욕설 일삼은 삼바 간부들,Social
인구 줄 테니 의대 증원 안 된다       년 입원일     늘어날 것 ,Social
  매체  북한  김정은 지시로 통일 대헌장기념탑 철거 ,Social
 콘서트 티켓 팔아요      만원  꿀꺽 한   대 실형,Social
 김용 재판 위증교사  이재명 캠프 관계자  명 구속기한 연장,Social
하지정맥류 시술비 부풀려   억 보험사기 병원장 브로커 징역형,Social
경기 화성 야적장서 불   명 중상,Social
전국 한파 피해 계속 항공기    편 결항  수도계량기    건 동파,Social
 출근길 인터뷰  전국 혈액 보유량  뚝  텅 빈 혈액 저장고,Social
광주 광산 누적       폭설 순천      도 출근길 한파 사흘째,Social
 위안부는 자발적 매춘  류석춘 전 교수 오늘  심 선고,Social
재난 현장서 순직한 소방관 딸 위해 생일파티 열어준 동료들,Social
수리 중 갑자기 엘리베이터 작동 평택 공사장서   대 추락사,Social
 이선균 수사 보고서 유출  디스패치  압수수색 당했다,Social
강추위에 발묶인 한반도  대설에 교통사고도 잇달아,Social
춘천 스키숍서 불   천만원 재산피해 시민들 대피소동,Social
반려견 청년 얼굴 문 부산 도심 들개  포획은  아직 ,Social
 아침에 한 장  추울 때만 찍을 수 있는 사진,Social
정유라  소개팅 햄버거 나눠먹었다니 김남국  진짜 가지가지 한다  조롱,Social
 끝을 보자    년 전 이혼한 전처 스토킹한   대  징역  년,Social
이경규 장도연  수억 원 출연료 못 받아 기획사 대표  횡령 혐의 집유,Social
    중 엉덩이 아예 주무르더라  신고했지만  무혐의 처분  이유는 ,Social
제주가 얼어붙었다  최강 한파에 하늘길 바닷길 출근길 모두  꽁꽁 ,Social
 이슈분석  이재명   대장동 재판  출석했다 중도 퇴정,Social
 월 이후 입국 외국인부터  개월이상 거주해야 피부양자 자격,Social
 이경규 장도연  억대 출연료 미지급 기획사 대표 횡령 혐의 집유,Social
  대 소녀 룸카페 데려가 성폭행한   대   예비 고 이라고 소개하더라 ,Social
대관령 아침 체감온도 영하     도 강원 전역 강추위,Social
한파 속 서울 은평구 아파트서 불 화성 야적장서도 화재,Social
아시아나  밀린 기내식 대금 항소 포기      억 물게 돼,Social
 담임 얼굴 비키니 몸에 합성  수업중 손가락욕 신고하자 되레  아동학대 ,Social
오늘도 매서운 출근길 한파 서울    도 춘천    도,Social
 현재도 의사인력 충분   고령화로     년에만 입원일     늘어날 것,Social
 미국 치대 보내줄게  거짓말로 수천만 원 뜯은   대 실형,Social
 차별 아닌가요  단국대  우수학생  파격지원 에 학생 반발,Social
재난     로 본 광주 전남 대설 상황은 ,Social
결혼 약속한 여자친구 흉기로    회 찔러 살해한   대  감형받은 이유,Social
룸카페에   살 데려간   대   부모에  저 예비고   거짓말,Social
 의도치 않은 체중 감소는 암 위험 신호 의사 상담받아야 ,Social
     광주 전남 사흘째 폭설  도로 곳곳  빙판길 ,Social
차량 위 쌓였던 눈이  흉기 로    쌓인 눈 꼭 치우세요   앵커리포트 ,Social
 콘서트 티켓 팔아요      만원  꿀꺽    대  결국 감방 ,Social
 콘서트 티켓 싸게 팝니다      만원  먹튀 한   대  결국,Social
 특보  광주 전남 대설특보 오전까지 최고      눈,Social
 날씨 출근길 한파 계속  서울 체감      호남 제주 많은 눈,Social
 엉덩이 움켜쥔   트레이너  성추행 아니라니    회원 분통,Social
검찰  백윤식 허위 고소 혐의  전 연인 불구속 기소,Social
 대북송금  김성태  년 만에 보석 석방  재판에서 다 드러날 것 ,Social
   원이라도 벌어야  이 추위에도 폐지 줍는 노인들,Social
서해안 사흘째 폭설   강추위에 도로도  꽁꽁 ,Social
 년 전 아내 살해   대  재혼아내 또 살해  임의로 복약 중단  책임 피해자에게 돌려 ,Social
교수 없어 국가시험도 못 칠 판 창원문성대 간호학과 학생 근심,Social
인공지능  반려로봇 으로 중장년 고독사 막는다,Social
한파에 발 묶인 여객기들 오늘까지    편 결항,Social
재발 잦은 난소암  꼼짝마  피 한방울로 빠르게 잡는다,Social
재발 잦은 난소암  꼼짝마  피 한방울로 빠르게 잡는다,Social
법원 인사 시즌 돌입  주요 사건 재판부 교체  주목 ,Social
 못 해 먹겠네  폭언 성희롱 일삼은 바이오 대기업 간부들,Social
전국이 꽁꽁  한파  칼바람에 체감온도 ,Social
 뉴스딱  고향사랑기부제 답례품  비계 삼겹살  논란 업체  결국,Social
티켓 판다더니     만 원  꿀꺽    대 사기꾼 실형,Social
사흘째 제주섬 꽁꽁 항공편 서서히 운항 재개 전망,Social
신혼 때 전세라도  부자구  강남구에 살아야 할 이유 있네 ,Social
 뉴스딱   차가 비틀거린다  통영 한밤 추격전  아찔 ,Social
화성 야적장 큰 불  한때  대응  단계  밤사이 곳곳 화재,Social
 눈치 안보고 쉴 수 있는 유일한 곳  물티슈도 얼린 최강 한파에 쉼터 찾는 배달기사들,Social
만취 운전자  잡고 보니   년 전  사망  어찌 된 일 ,Social
 아침신문 솎아보기  윤 한 갈등 봉합  장면  바라본 조선일보와 동아일보의 차이,Social
 이경규 장도연 출연료 못받았다  횡령 혐의 기획사 대표 집유,Social
 돈만 받고 잠적  콘서트 티켓 사기   대 실형,Social
출근 늦어질라    눈길 교통혼잡  우려에 서두르는 제주도민들,Social
북극발  최강 한파  한랭질환 등 피해 속출,Social
 기후동행카드  판매 첫날부터 인기 누가 쓰면 이득 ,Social
고 인 척 룸카페서 미성년자 성폭행한   대 가족이 현장 적발,Social
 기후동행카드  판매 첫 날부터 인기 누가 쓰면 이득 ,Social
 남편 죽을 수도  출동해보니 서울 평창동서 집단 마약,Social
은평구 아파트 화재   여명 대피 강추위 속 화재 잇따라,Social
경찰   이선균 수사 유출 의혹  디스패치 압수수색,Social
      폄훼 논란  인천시의장  불신임안 처리 불발,Social
 혼자 일주일에   개나  식품 포장재가 대다수,Social
제주도  일째 온통  꽁꽁   항공편 운항 확인 필요 ,Social
올림픽대로서 느릿느릿 시속      길막  유튜버 결국,Social
 콘서트 티켓 판다 며     만원 뜯어낸   대 사기꾼 실형,Social
      조끼 입고  종목  소방관 체력시험 바뀐다,Social
 사반 제보  가게 천장 무너지더니 물  콸콸    순식간에  물바다 ,Social
 사반 제보  주변 살피더니   만원어치 민어  쓱    인천  생선 절도범 ,Social
 사반 제보  돈 뜯어가던 남친  알고 보니  유부남   피해여성   명 ,Social
이경규 장도연  억대 출연료 못 받아 기획사 대표   횡령 혐의  집유,Social
 상품권 티켓 팔아요  중고 사기꾼      만원  꿀꺽 ,Social
 이경규 장도연 출연료 미지급  기획사 대표 횡령 혐의 유죄,Social
 일요일도 문 연다   노동환경 악화 우려 ,Social
 딸 남자친구예요  룸카페에   세  데려가더니 성범죄 벌인  그놈 ,Social
요란한 소리 나길래 봤더니 창원시민 기겁한 사연  잇슈 키워드 ,Social
 옆집서 누가 싸워요  출동한 경찰  경악   잇슈 키워드 ,Social
 대북송금  쌍방울 김성태   년 만에 보석 석방,Social
설 대목 앞두고  망연자실  윤 대통령  적극 돕겠다 ,Social
   억 범죄수익으로 초호화 생활  만원권 돈더미도 발견,Social
  명에 콘서트 티켓 사기   대 징역  년,Social
      강동구 경유 타당성  재확인     국토부 건의,Social
  대 여성이 위험하다 코로나 유행 후 자살 충동 우울감 경험 최고치,Social
         압구정 롤스로이스 사망 사고  가해자  심 선고  ,Social
 굿클리닉 무릎 관절염   자가골수 줄기세포 주사 로 수술 최대한 늦춘다,Social
기획사 대표 수억원  꿀꺽  믿는 도끼에 발등 찍힌 이경규,Social
 굿모닝브리핑  소방관 체력시험 남녀 똑같이 본다    강인한 체력이 우선 ,Social
 빨간불 여성안전 이별통보에 전화 메시지 폭탄  스토킹  관대한 법원,Social
영화  친구  모티브 부산 라이벌 조폭들 장례식장 난투극 끝 무더기 징역형,Social
결혼 약속한 동거     차례 찔러 살해한   대    징역   년   유족  분노 ,Social
서초구 고시원 화재로   명 대피 강추위에 전국 곳곳 화재,Social
우리 아파트 안전할까  시멘트에 물 부으니 충격적 결과가  최병성 리포트 ,Social
최강 한파 폭설에 항공기 결항    편 바닷길도 막혀,Social
 대림동서 칼춤 출 것  일베에 올린   대  집유    반성 없다  항소,Social
문상 중이던 조폭  퍽  부산 장례식장서 패싸움한 조폭들  결국,Social
 콘서트 티켓 팔아요   천   만원  먹튀    대 실형,Social
첫 아이 낳으면 첫 달에만 최대    만원 지원하는 강남구,Social
 단독  등록금    만원 환불한다더니  강제출국  한신대 말로만 사과,Social
김수미 모자  우리가 피해자 법정에서 다툴 것 ,Social
 휴지 값 돌려내  영화관 화장실에 다른 층 손님들  우르르 ,Social
이경규 장도연  억대 출연료 못 받았다 기획사 대표   횡령 혐의  집유,Social
건보재정 적자 온다는데   년간 국고   조 덜 들어가 ,Social
  컷   영하   도  한파에도 붐비는 이곳,Social
사흘째      폭설 이 시각 광주,Social
도내 유일 충북대병원 신생아 중환자실 운영  비상 ,Social
환경부   국립공원 들고양이 불가피하면 안락사  규정 유지키로,Social
충북 예비후보   명 후원회 구성했지만 공천탈락 땐 자동해산,Social
단원고 스쿨닥터 김은지 원장  세월호   년     명의 기억    ,Social
나쁜 보도를 수사로 응징할 수 있다는 위험한 착각,Social
호남지방 대설특보 이 시각 광주,Social
 위안부는 자발적 매춘  류석춘 전 교수 재판  년 만에 결론,Social
 원심력 알려줄게    세 학생 빙빙 돌리다가 놓친 강사,Social
눈 풀린 채 비틀비틀 평창동서 집단 마약 남녀  명 송치,Social
 왜 우리 화장실을 쓰나       휴지값     만원 받아내고도 웃지 못했다,Social
  시간 전 국산이라더니  설 앞두고 원산지 주의보,Social
 이선균 협박   명 기소  수사정보 유출  강제수사,Social
공지영  내가 아무것도 모르고 떠들어  진중권에 뒤늦은 사과,Social
 남편 죽을 수도  신고에 가보니 비틀대는 남녀들 팔에 주사자국,Social
 마약 혐의  유아인측  우울증 오래 앓아 ,Social
일 시키고 공사비 못준다는 원청 건설업 분쟁조정금 급증,Social
부산 도심 들개 출몰 주의 얼굴 물려   바늘 꿰매기도,Social
조민  홍삼 전속모델 됐다  설 앞두고 한복 입은  깜짝 근황  공개,Social
이경규 장도연  억대 출연료 못받아 기획사 대표  횡령 ,Social
 알몸 남성 의 난동 집 안에서 발견된 것은 ,Social
 오늘 아침 신문  짝퉁 지뢰밭된  직구 삼성 이어폰 카카오 키링까지,Social
 결혼과 꿈은 후순위  비혼 자녀들이 떠맡는  노부모 돌봄 ,Social
 이선균 수사정보 유출 의혹  경찰 언론사 압수수색,Social
 나랑 친한   가 준 수표   억 가로챈   대 항소심도 징역형,Social
 건강플러스  가족의 미래까지 앗아가는  형 당뇨병이란 ,Social
 검은 머리 짐승은 거두는 게  양아버지 말 한마디에 격분 사건의재구성 ,Social
이선균 협박   억    만원 뜯은 전직 배우 유흥업소 여실장  재판행 ,Social
 설 앞두고 망연자실  평생 일군 일터 잿더미,Social
결혼 앞둔 여친    회 찔렀는데  우발적   유족  엄벌 촉구,Social
황색털에 검은 주둥이  얼굴 물렸다  부산 도심에 들개 출몰  발칵 ,Social
더욱 심화된 상급종합병원  빨대효과  작년  분기 급여비 점유율     육박  역대 최고 ,Social
설 앞두고  망연자실   특별재난지역 검토 ,Social
서울시의회 파격 저출생 대책    취지 공감  면밀한 검토 필요 ,Social
광주 전남 소재 건설사들 잇따라  법정관리  신청,Social
 대체 왜 이런걸     녹말 이쑤시개 튀김  먹방 유행  무해할까 ,Social
서울 은평구 아파트 화재 주민   여 명 대피,Social
 예능인 출연료 미지급  논란 소속사 대표  횡령 혐의로 집유,Social
거센 눈보라에 무더기 결항 뱃길도 막혀,Social
 대북송금 혐의  김성태  년 만에 보석 석방,Social
경찰   이선균 수사 정보 유출  의혹 인천청 압수수색,Social
 집도  일터도 추워   피할 수 없는  강추위와 사투 벌이는 서민들  뉴스 투데이 ,Social
 전문의 칼럼  아이고  무릎아  추운 날씨에 붓고 아픈 무릎,Social
사흘째      폭설 이 시각 광주,Social
수형자 사회 복귀 돕는다는 가족접견  정작 부부끼리는 안 된다 ,Social
 위안부는 자발적 매춘  류석춘 재판  년만에 결론,Social
 머리카락 잘라라  비난받은 조규성  장발 이유가,Social
인구 줄테니 의대증원 안된다       년 입원일     늘어날 것 ,Social
전라 제주 시간당       눈소식  아침 영하   도 오늘날씨 ,Social
 월  일이후 입국 외국인부터  개월이상 거주해야 피부양자 자격,Social
 박근혜 정부 문화계 블랙리스트  김기춘  파기환송심 오늘 선고,Social
 단독  엔화 바꿔줄게요  당근마켓 거래 후 내 계좌가 막혔다,Social
올림픽대로서 시속     로 느릿느릿    길막  유튜버 논란,Social
 파주 집창촌 폐쇄 전쟁  건축법 위반 강제철거    여 곳 불 꺼졌다 ,Social
 엉덩이 움켜쥔   쌤  성추행 아니라니   회원 분통,Social
 준비됐니   버스 기사가 찍은  세 소년 달리기 영상 화제,Social
 대법관 추천  합리 공정성  볼 것 사법신뢰 찾아야 ,Social
 단독 서울 공립 유 초등교사 명퇴  년간  최대  교장  년새  배,Social
잘나가던 신촌이 어쩌다    년 터줏대감  롯데리아도 떠났다,Social
기술유출범 잡는 경찰 승진은 하늘의 별따기,Social
주호민 부부  아동학대 로 신고 당했다  주씨 측  모든 주장은 허위사실  반박,Social
대북송금 혐의 김성태 보석 석방  재판서 드러날 것 ,Social
김건희  디올백  수수 의혹부터     극적  봉합 까지 타임라인 ,Social
 제보는   요청해도 촬영 안 하면  무용지물     현실 맞게 바뀌어야 ,Social
서울에  낑겨  살기  우리 탓인가요 꼬다리 ,Social
 법원이 기술간첩 키우는 셈  기밀 빼간 그놈들  무슨 판결 받았나,Social
 정치인보다 유튜버 더 믿음직  중 고등학생들의 이유있는 불신,Social
합격하면 수강료 환급 여대는 왜 안되나요 ,Social
 장례식장 난투극  신  세기파 칠성파 줄줄이 징역형,Social
기술유출 양형 강화됐지만  판결 나와봐야 알죠  시큰둥한 이유,Social
도대체 교통카드가 몇 개냐  기후동행카드 판매 첫 날  시민들 만나보니  데일리안이 간다    ,Social
 비행기 못떠요  폭설 덮친 제주공항    편 결항   만여명 발동동,Social
광주 중앙공원 지구 선분양 검증 시동  사업 급물살 ,Social
 이선균 마약 수사 유출  경찰 언론사 압수수색,Social
이재명 건강 악화로  대장동 재판  퇴정  심기 불편한    이런 상황 재발 않길 ,Social
 준비됐니   버스 기사가 찍은  세 소년 달리기 영상 화제,Social
 대법관 추천  합리 공정성  볼 것 사법신뢰 찾아야 ,Social
 단독 서울 공립 유 초등교사 명퇴  년간  최대  교장  년새  배,Social
잘나가던 신촌이 어쩌다    년 터줏대감  롯데리아도 떠났다,Social
기술유출범 잡는 경찰 승진은 하늘의 별따기,Social
주호민 부부  아동학대 로 신고 당했다  주씨 측  모든 주장은 허위사실  반박,Social
대북송금 혐의 김성태 보석 석방  재판서 드러날 것 ,Social
김건희  디올백  수수 의혹부터     극적  봉합 까지 타임라인 ,Social
 제보는   요청해도 촬영 안 하면  무용지물     현실 맞게 바뀌어야 ,Social
서울에  낑겨  살기  우리 탓인가요 꼬다리 ,Social
 법원이 기술간첩 키우는 셈  기밀 빼간 그놈들  무슨 판결 받았나,Social
 정치인보다 유튜버 더 믿음직  중 고등학생들의 이유있는 불신,Social
합격하면 수강료 환급 여대는 왜 안되나요 ,Social
 장례식장 난투극  신  세기파 칠성파 줄줄이 징역형,Social
기술유출 양형 강화됐지만  판결 나와봐야 알죠  시큰둥한 이유,Social
도대체 교통카드가 몇 개냐  기후동행카드 판매 첫 날  시민들 만나보니  데일리안이 간다    ,Social
 비행기 못떠요  폭설 덮친 제주공항    편 결항   만여명 발동동,Social
광주 중앙공원 지구 선분양 검증 시동  사업 급물살 ,Social
 이선균 마약 수사 유출  경찰 언론사 압수수색,Social
비대면 진료 확대 한 달   아픈 아이 편히 진료      처방약 찾아 삼만리 ,Social
 돼지머리  무혐의에 공사 중단까지   이슬람 사원 안갯속,Social
 매일 세 차례나 아이 학교 찾아가  주사 놓는 부모 가슴 피멍 듭니다 ,Social
 단독  유령법인 세워    채 갭투자한 부부  결국 검찰행,Social
법무 장관 후보 지명된 박성재 법무 검찰 조직 다잡기 나서나,Social
서울  영하   도  출근길 제주     폭설 오늘날씨 ,Social
이발하러 가도  예약 손님만 받아요  헛걸음하는 어르신들,Social
    원만     계좌번호 올리는  온라인 거지  비난 쇄도,Social
전청조  혐의 부인한 적 없어     피해 회복도 안됐는데 그런 말 한다고 상처 아물까 ,Social
유부남 집 장롱에 숨은   귀가한 아내와 몸싸움 ,Social
 단독 재범 우려 관리대상     명  거처만 옮겨도 감시망 피한다,Social
 핫코너  이젠 졸업식 때나 입는 교복,Social
 말로만 듣던 한국 김  해외바이어 줄섰다,Social
우크라 출신    미인대회 우승  일본내 논란,Social
바지 두개 껴입고 청소   영하   도  언 손으로 새벽 여는 사람들,Social
막장 전북교육감 사건  폭행 위증에 판사 논란까지  반전의 연속 ,Social
 베링해 한파  서울 체감 영하     도  제주엔  만여명 발 묶여,Social
체감        수도관 터졌어요  눈뜨자 난리  뜨거운 물 부으면 안돼 ,Social
 헬스트레이너가 엉덩이 주물러 성추행 신고했지만  무혐의  ,Social
도심서 야생 들개가 얼굴 물려 응급 수술,Social
 압구정 롤스로이스 뺑소니  사건 가해자 오늘  심 선고,Social
 이선균 수사정보 유출 의혹  인천경찰   언론사 압수수색,Social
눈보라 몰아친 제주  만 명 발 묶였다,Social
  대   고 인 척 미성년자 만나 룸카페서 성범죄  가족들이 현장 잡았다,Social
푸바오  대한항공 타고   갈줄 알았는데  에어차이나  이용 왜 ,Social
오토바이 타고 가던 중 신호위반 차에 치여 다리 절단하게 된 사연,Social
 청주시장  시립무용단 객원안무자 낙점은 월권 ,Social
룸카페서   대에게 성범죄한   대 가족들이 현장 잡았다,Social
 현장잇슈  갤럭시    통역기 들고 명동 거리 나갔습니다  꽤 쓸 만한데 이거  ,Social
 날 무시해   아내 살해 뒤 성폭행 현장으로 둔갑시켰다  그해 오늘 ,Social
 오징어 틈새로 흰색가루가  태국서 필로폰 밀수한   대 실형,Social
한달도 안돼 또 가스누출 평창      폭발사고  동일업체,Social
 빙하기 왔나  수도 얼어 터지고 차량방전 긴급출동 속출,Social
 오래된 미래 강원 노포 탐방      철원 길목해물칼국수,Social
 여기가 한국  무서워요  대학가 점령한 중국식 상점,Social
청소년 형 당뇨 가족들  높은 의료비에 의사노릇까지,Social
숨진 채 발견된   대 간호사  고위험 약물  주사기 발견,Social
한복 차려 입은 조민   저 홍삼 모델 됐어요 ,Social
종합병원 간호사 숨진 채 발견 현장엔 약물주사기 ,Social
유령노조 삭제하니   년 만에 조합원 첫 감소,Social
 민원사주   개인정보유출  경찰 수사 속도차   균형 깨졌다 ,Social
구청 홍보영상 맞아  서울에도  충주맨  있다,Social
 결혼과 이혼  아이 앞에서 이혼 요구한 남편  아이는 남몰래  훌쩍 ,Social
 둘째 아이 가질 때가 고비 일곱째 낳은 지금 더 행복 ,Social
 샌드위치 패널  건물  피해 커져 상인들  설 앞두고 날벼락 ,Social
 기가   중앙선 넘나드는 음주운전 차량   년 전 죽은 사람 ,Social
 게 껍데기야   양념치킨 속  수상한 이물질   점주는 문자 읽고 무시 ,Social
일년에 열 번도 안 입고 버려지는 교복 자원 낭비,Social
     는 저희 회사와 어울리지 않네요   차라리 관상 봐라  구직자 분통,Social
 여성만 달성 불가능한 기준 제시는 승진 차별 ,Social
 신의 구원 받아야  중증 장애인 동생 치료 거부하고 방치한 누나,Social
결혼 앞둔 여친    회 찔러 살해 유족  징역   년에 분노,Social
윤 대통령  여권 방심위원만 위촉  민주당  대통령 고발 검토 ,Social
 대학 대신 공무원 될래요     공무원 떠난 빈자리    대  잘파 희망 이 채운다,Social
보석 석방된 쌍방울 김성태  성실히 재판 임할 것 ,Social
언론사 주    일제  기자에겐 그림의 떡 ,Social
먹튀사건의 지능화  계산 안하고 도망  강사 아닌  노숙자 였다,Social
기자협회  이달의 기자상  어느덧    회,Social
 기후동행카드  판매 첫 날부터 인기 누가 쓰면 이득 ,Social
 단독   청량리 재개발 비리  동대문구청 압수수색    공무원 불법 특혜 분양 ,Social
 년 만에 석방된 쌍방울 김성태    재판에서 다 드러날 것 ,Social
아시아나  기내식 대금 소송 항소 취하  소송전  년 만에 일단락,Social
비언론계 전진배치  포털 제휴 지각변동 오나,Social
    중 엉덩이를 움켜쥐었다  헬스장 성추행 논란  다른 트레이너 판단은,Social
    희망퇴직 신청  목표치     남짓,Social
국민의힘  청주 청원 흥덕 서원 전략공천 가능,Social
달아오르는 총선의 계절   정치 라이브 가 겨울잠 깨운다,Social
북극발  최강 한파  한랭질환 사망 동파 강풍 피해 속출,Social
생필품 중고로 사는 친구 자신이 새것 살 때마다  가스라이팅  사연은 ,Social
화재 감지됐어도 속절없이  활활  점포    곳 전소,Social
최대      더 온다 밤사이가 폭설 고비,Social
새해맞이 단식  주 해보니 눈이 밥알처럼 내리는구나,Social
유부 품은 빨간색  서울식 추탕   먹다보면 등줄기에 땀이 쫙,Social
 설에 팔 조기 문어   배 들여놨는데     서천 시장 상인들 망연자실,Social
올림픽대로에서        느림보 주행  안전운전일 뿐  해명,Social
고속도로에서 얼음판 날아와   앞유리  와장창  어떤 상황인지 보니,Social
친형 살해   년 만에  자수  징역   년에 검찰 피고인 쌍방 항소,Social
 이젠 안녕  네살 된 푸바오  월 초   돌아간다,Social
조국  한동훈 딸 의혹  내 딸처럼 수사해야 공정한 것 ,Social
 이선균 수사정보 유출 의혹  인천청 압수수색   언론사도 포함,Social
 엉덩이 움켜쥐고 주물렀다  헬스 트레이너  성추행  신고했지만  무혐의   왜 ,Social
아시아나  기내식 대금 소송 항소 취하  소송전  년 만에 일단락,Social
비언론계 전진배치  포털 제휴 지각변동 오나,Social
    중 엉덩이를 움켜쥐었다  헬스장 성추행 논란  다른 트레이너 판단은,Social
    희망퇴직 신청  목표치     남짓,Social
국민의힘  청주 청원 흥덕 서원 전략공천 가능,Social
달아오르는 총선의 계절   정치 라이브 가 겨울잠 깨운다,Social
북극발  최강 한파  한랭질환 사망 동파 강풍 피해 속출,Social
생필품 중고로 사는 친구 자신이 새것 살 때마다  가스라이팅  사연은 ,Social
화재 감지됐어도 속절없이  활활  점포    곳 전소,Social
최대      더 온다 밤사이가 폭설 고비,Social
새해맞이 단식  주 해보니 눈이 밥알처럼 내리는구나,Social
유부 품은 빨간색  서울식 추탕   먹다보면 등줄기에 땀이 쫙,Social
 설에 팔 조기 문어   배 들여놨는데     서천 시장 상인들 망연자실,Social
   수첩  대통령과 거부권  사라지는 협치,Social
폭설 강풍에 제주 공항 무더기 결항    만여 명 발 묶여,Social
 윤정호의 오늘  충북대의 어머니,Social
일 년에 열 번도 안 입고 버려지는 교복 자원 낭비,Social
 설 앞두고 망연자실  평생 일군 일터 잿더미,Social
남편 추락사 현장 찾아온 베트남 아내 원인 규명 사과 요구,Social
무인매장서 바지 내리더니     로 지켜본 점주의 분노,Social
육아 도맡아하는데 출산휴가 쓴 아내  남편  돈타령  때문에 고충 토로한 사연,Social
애써 따낸 국고 보조금  매년 수백 억 반납 ,Social
충북 전역 한파특보 강추위 절정,Social
 밀린 기내식 대금 소송   년 만에 종결    억 물어야,Social
       모바일 상품권 쓰면 상차림비 추가  소비자 골탕먹이는 프랜차이즈,Social
    재난안전지도      이 시각 전북 대설 상황은 ,Social
 부르는 게 값  동물병원 진료비 공개 소비자 환영 수의사 반발,Social
 대장동 재판  출석한 이재명 몸 상태 악화로 오후 퇴정,Social
보석 석방된 김성태  이재명 연관성 묻자  재판서 드러날 것 ,Social
   원이라도 벌어야  이 추위에도 폐지 줍는 노인들,Social
초등학교에서 흡연 유해성 배워 온 딸  아빠 담배 끊어내기 위해  단식투쟁  선언,Social
제주공항 결항 속출   만명 발 묶여   여객선   척도 스톱,Social
최대      더 온다 밤사이가 폭설 고비,Social
혹한 날씨에도 밤새 염원한 이태원 특별법,Social
잿더미로 변한 서천시장 상인들  곧 설인데 막막 ,Social
서울 한복판서  집단 마약   철제 상자 엔 필로폰 주사기,Social
 대북송금  혐의 김성태 석방  이재명 질문엔  재판서 드러날 것 ,Social
폭설 강풍에 막힌 제주 하늘길    여 편 무더기 결항,Social
북극 한파 물러나자 대륙 한파 덮쳤다    내일도 출근길 영하   도,Social
번호판 타고 운전자 누군지 몰라  교각 충돌 뒤 불길 휩싸인 전기차,Social
 설 앞두고 망연자실  평생 일군 일터 잿더미,Social
서울 모든 저출생 정책서 소득기준 폐지  시의회  파격 제안,Social
화재 감지됐어도 속절없이  활활  점포    곳 전소,Social
법무장관에  특수통  박성재 김건희 수사 통제용 ,Social
 쪼인트 폭행  조합원 복직 요구   울산 화물연대 운송거부에   억 손해,Social
경남 공무원노조    시간 노동에   만원  선거사무 강제 동원 그만 ,Social
활주로 폐쇄까지    여 편 결항   발 묶인 제주,Social
얼굴 물려   바늘 꿰맸다 부산 한복판 야생 들개 어슬렁,Social
이정섭 검사 비위 의혹 폭로한 처남댁 강미정 휴대전화 포렌식 자료 제출,Social
마늘 먹는 푸  굴 따는 모아나  롯데마트의 콜라보  본전 뽑기   미드나잇 이슈 ,Social
식당 찾은 손님  외부에서 사온 오렌지 껍질 알바생에게 까달라고 부탁한 사연,Social
방심위  방송소위서     의견진술 결정,Social
내복  겹  방석  개  양초 켜 놓고 장사   추위 속 일하는 사람들,Social
 단독  청도 특혜 의혹 조형물   기증 작품 설치부터 의혹,Social
수학 대회서 오픈   제쳤다     국가대표       라운지 ,Social
쌍방울 김성태  년 만에 보석석방  성실히 재판에 임하겠다 ,Social
 예비신부 살해  징역   년 유족    분 만에 자수  계획적 ,Social
    만 달러 대북송금 혐의  김성태 전 쌍방울 회장 보석 석방,Social
이철규  명품백 실체는  몰카 공작  반환하면 국고 횡령 ,Social
  대 베트남 가장의 무너진 코리안드림   반년만에 입국한 유족은 망연자실,Social
 정부 단통법 폐지  우리는  호갱 이 되지 않을 수 있을까,Social
 남자 우대 아냐  강인한 체력  소방관 필수요건  소방공무원 체력 시험 남녀 동일 기준 적용,Social
음료 서비스 줬더니  애 당뇨 걸려  제로 콜라 없어   소리 지른 손님,Social
결혼 약속한 여자친구 흉기로    회 찔러 살해,Social
 단독   배달의민족  배달 취소 피해 업주에 전가  알고리즘 변경 논란,Social
 년만에 보석 석방된 쌍방울 김성태  성실히 재판에 임할 것 ,Social
이석현      갈등은 한동훈 한판승 최대 피해자는 이준석 신당   뉴스와이드 ,Social
안부 물으려 공유한 연락망   강서구 아파트 화재 참사 막았다,Social
이선균 수사보고서 그대로 인천경찰 디스패치 압수수색,Social
외국인 노동자의  비닐하우스  나기  온열기 하나로 버텨요 ,Social
      신생아 느는데 의료인력도 시스템도 부족  풀영상 ,Social
    만 달러 대북송금  혐의 김성태 쌍방울 전 회장 보석 석방,Social
종로구 신축 공사장    높이서 인부  명 추락  명 사망,Social
 나 대치동 수학강사야  술값   만원 먹튀한 손님은 노숙자,Social
 고등학생이랬는데  미성년인 척   살에게 접근해 성폭행한   대,Social
홍삼 모델 발탁된 조민  초등학교 이후 한복 처음 ,Social
 울면서 빌었어요  직접 병원 찾아나선 고위험 임신부,Social
평창 가스 누출 사고 잊었나  업체 또다시 가스 누출 ,Social
 새벽 별 보러 가자  성희롱 욕설 일삼은 삼성바이오로직스 간부들,Social
 단독  사진 합성에 욕까지  교권 피해  신고했더니  황당 ,Social
교각 들이받은 전기차 순식간에  활활  출근하던 운전자 숨져,Social
검찰   대림역 흉기 난동 예고    대  심 집행유예에 항소,Social
 대북송금 혐의  김성태 전 쌍방울 회장 보석으로 석방 종합 ,Social
 결혼하고 싶지만  자만추  쉽지 않아요  지방 청년들의 하소연,Social
고 이선균  수사정보 유출 의혹  인천경찰 언론사 압수수색,Social
 년 연장 확정한 날에  부역자 선별  하겠다는 김광동,Social
전국 냉동고 추위 왜  북극한파 내려오는  고속도로  뚫렸다,Social
눈 폭탄에 하늘길 뱃길 끊겼는데  최고       더 온다,Social
설 대목 앞두고 날벼락 윤 대통령  특별재난지역 검토 ,Social
 주말엔 그나마 젊은 사람 나왔는데  대형마트 공휴일 휴무 폐지  시민 반응은 ,Social
 이러다 큰일  폐그물에 걸린 새끼 돌고래 이상행동 나타나,Social
강풍 타고 불씨 번져    개 점포 재로 만든 구조까지,Social
평창동서 남녀 여럿 눈 풀려 비틀비틀 팔에 마약 주사자국 있었다,Social
결혼 약속한 여친     회 찔러 살해했는데 겨우    년형   유족  분노 ,Social
사상 첫 검사 탄핵소추안 늑장 변론 시작,Social
 사장님 나빠요   악몽에 갇힌 이주 노동자  집중취재 ,Social
 고기인지 지우개인지  논란 터진  비계 폭탄 삼겹살  업체  결국 잘렸다,Social
 엉뚱한 이유 로 불신임안 셀프 거부 허식  사퇴 지시 없었다 ,Social
눈보라로 무더기 결항 제주공항에  만 명 발 묶였다,Social
  일 만에 재개된 대장동 재판 이재명 중도 퇴정,Social
법무장관에 박성재 전 고검장  사퇴 파동  뒤 조직 동요 차단 ,Social
호남 제주 이틀째 대설특보 내일까지      눈 더 온다,Social
 채상병 사건  의혹 많지만 수장 공백에 수사 동력 약화 우려,Social
불꽃 튀더니 삽시간에  활활  서천시장 화재      영상 보니,Social
이선균 공갈 피의자 기소 수사정보 유출 의혹 강제수사,Social
여직원 몸 만지고 야근 도중  별 보러 가자  성희롱 실태,Social
 난 대치동 강사  오늘 쏜다    만원 먹튀  알고 보니 노숙자,Social
 여야  대   방심위  회의에서 사라진 류희림 위원장 민원사주 의혹,Social
 다시 간다 흉물 된 도심 폐교 다른 쓰임새도 난망,Social
   억원대 횡령 혐의 김성태   쌍방울 회장 보석 석방,Social
 녹말 이쑤시개 튀김  먹방 유행    식약처  먹지 마세요 ,Social
미성년자 룸카페 데려가 성범죄 저지른   대에 구속영장 신청,Social
 날씨  전국 강추위 지속 아침 최저기온       도,Social
제주 오가는 하늘길 모두 막혀   만 여명 발 묶여 ,Social
 발목 잘릴 듯한 추위  체감온도 영하   도 계량기 동파도 잇따라,Social
 뉴스프라임  누가 이선균 수사 정보 흘렸나 경찰 언론사 압수수색,Social
설 대목 앞두고 상인들 망연자실 평생 일군 터전이 잿더미로,Social
 뉴스레터   충주시 홍보맨 김선태  용산행  제의 온다면 긍정적으로 고려 ,Social
 층에서 불빛 번쩍이더니 순식간에 서천시장 화재로 점포    곳 잿더미,Social
배우 백윤식 전 연인  무고 혐의로 재판행,Social
 뉴스추적   배민에 내는 광고비만 매달    만 원  정작 배달은 늦다 ,Social
 단독 집 안에  마약금고 까지 두고 마약파티,Social
유아인  우울증 앓아 프로포폴 투약은 인정 ,Social
 대림동서 칼춤 추겠다    대  집행유예  반성 없어  검찰 항소,Social
경찰   청량리 재개발 비리 의혹  동대문구청 압수수색,Social
 밤  시 회의    분컷 실패에 무더기 경위서 부시장도 지각,Social
서천시장 화재로 점포    곳 잿더미 상인들  망연자실 ,Social
 괴한에게 인종차별 폭행당했는데 외교부 답변에 한숨 ,Social
적자    억에 직원 월급도 밀릴 뻔 제주대병원 무슨 일 ,Social
한 달에 세 번     누출 사고 모두 한 업체,Social
눈 속에 파묻힌 호남 서해안 내일까지      더 내린다,Social
 친절한   오영훈 지사  선거법 위반 유죄    만 원  판결의 의미는 ,Social
아내가 돈 벌어 생활해 열등감 있던 남편 대출 거부하자 살해 징역   년,Social
북극 한파에 서울 체감      도 전국  꽁꽁  이번주 내내 강추위,Social
곗돈 돌려막기로  억 꿀꺽한   대 여성 광양 일대  발칵 ,Social
땅 팠더니 유물  우르르   공사 전면 취소해야 ,Social
 고속철도 신칸센  정전사고로 대규모 운행 중단,Social
윤 대통령  법무장관 후보 박성재 내정  조직 안정 방점 ,Social
 납치당했다      신고 미출동 유족   억 원대  소송,Social
유동규  이재명 선거공약  내가 주도적 설계 ,Social
   만 달러 대북송금 혐의 김성태 쌍방울 전 회장 보석 석방,Social
 청량리  구역 재개발 비리  관련 동대문구청 압수수색,Social
진실화해위  년 연장  진실규명률 높여야  종합 ,Social
폭설 강풍에 발 묶인 제주공항    편 결항,Social
    시청자위     인수위 출신  등 합류,Social
검찰      고가 매입 의혹  박성빈 전 스파크 대표 소환,Social
남편 추락사 현장 찾아온 베트남 아내 원인 규명 사과 요구,Social
화재 감지됐어도 속절없이  활활  점포    곳 전소,Social
 설 앞두고 망연자실  평생 일군 일터 잿더미,Social
 의사 늘어도 진료비 상승 미미  의사단체 반박  토론하자 ,Social
 단독   바리캉 폭행  가해자 억대 기습공탁    피해자  감형 시도 ,Social
검찰   대림역 흉기난동 예고  집행유예 판결에 항소,Social
 남편 죽을 것 같아요  남녀  명  평창동 빌라서  집단마약  체포,Social
 북극 냉기 에 전국 한파 폭설 강풍 제주 항공편 무더기 결항,Social
 떳떳해지고 싶다  전청조 주장에  재판장  단어 사용 생각 좀 ,Social
 이쑤시개 튀겼더니 스낵처럼 바삭  레시피 유행에 식약처  안전성 검증된 바 없어 ,Social
계량기 터지고 항공기    편 결항  최강 한파  피해 속출 종합 ,Social
일년에 열 번도 안 입고 버려지는 교복 자원 낭비,Social
폭설 강풍에 막힌 제주 하늘길    여 편 무더기 결항,Social
승객 줄고 운수업체 재정난 서울에도  스타리아 마을버스 ,Social
 년 전 다툼이 살인까지 중학교 후배 살해한   대 중형 확정,Social
  분 만에 떠난      왜 왔나  서천시장 상인들 분노,Social
 사진 찍으러 왔냐    한동훈 못 만난 상인들 불만 폭발,Social
 최강한파 에 전국이  꽁꽁  계량기 수도관 동파되고 하늘길 뱃길 끊겨,Social
    만달러 대북송금  김성태 쌍방울  회장 보석 석방,Social
소방관 체력시험  남녀 지원자에 동일한 평가 기준 적용,Social
 포스코 호화 이사회 의혹  고발인 조사  사외이사들 물러나야 ,Social
이재명  대장동 재판  출석했다 몸 상태 악화로 퇴정  검찰 불편한 기색,Social
호남 제주 내일까지 폭설 최대      ,Social
범대본  문   대통령 고발 관련 친문 국회의원들과  대립각 ,Social
    재난안전지도      이 시각 전북 대설 상황은 ,Social
고온 한파 눈 대신 비 이례적인 겨울,Social
김주하 앵커가 전하는  월   일     뉴스  주요뉴스,Social
세종  생활권 외곽순환도로 개통효과  뚜렷   도심 정체 줄었다,Social
충북 전역 한파특보 강추위 절정,Social
전북  개 시군 대설특보 내일까지     넘는 눈,Social
판다 푸바오 환송행사 준비하는 에버랜드,Social
차세대    퀸 예약  조민  화장품 이어 홍삼 광고도 접수,Social
      폄훼 논란  허식 인천시의장 불신임 불발  본인이 상정 거부,Social
    년부터 소방관 체력시험  남녀 동일 기준  적용,Social
평택 아파트 공사장서 엘리베이터 수리기사 추락사,Social
어른 주먹보다 작은 아기 더 살려야,Social
일터에서  개     씨      삼바 직원 절반  괴롭힘 성희롱 직간접 경험 ,Social
    트레이너가 움켜쥐고 주물러  성추행 신고했지만  무혐의 ,Social
강풍 폭설 몰아친 제주공항  마비      여편 결항에 승객  만명 발묶여,Social
카카오와     시세조종  공모 사모펀드 운용사 검찰 송치,Social
   명대 출산율에 서울시의회  저출생정책 소득기준 폐지 제안,Social
대설 대책회의 늑장대처 충주시 간부 무더기 경위서,Social
검찰  배우 백윤식  연인  무고  혐의로 불구속 기소,Social
서천 특화시장 피해 상인들    대통령에  들여다보지 않고 보여주기식  비난,Social
이재명  대장동 재판  몸 상태 악화로 오후 퇴정 재판부  출석은 원칙 ,Social
검찰  현직 치안감 뇌물수수 혐의로 구속영장,Social
 고발 사주  조성은  입당원서     장 위조 혐의 재판행,Social
청부민원  윤석열이 완성한   대   방심위   대통령 욕설 논란  보도 징계 예고,Social
 매일 아이 몸에     번 주사   형 당뇨 가족의 눈물,Social
영화관 화장실에 다른 층 손님이 우르르  법원     에 휴지값 돌려줘라 ,Social
대출 대가로 수억원 챙긴 전 신협 임직원 기소,Social
  이선균 사건 경찰 언론 비판  디스패치 압수수색,Social
청부민원   셀프 연봉 인상  류희림  하루만에 들통난 거짓말,Social
   명대 출산율에 서울시의회  저출생정책 소득기준 폐지 제안 종합 보 ,Social
평택 아파트 신축 공사장서   대 작업자 추락사,Social
동호회서 친분 편의 제공 뒷돈 챙긴 전 신협 간부  명 기소,Social
부산대 총장 선거 후보  명 등록 선거운동 본격화,Social
엎친 극강 한파에 덮친 거센 바람  부울경이 시렸다,Social
룸카페 데려가   대 딸에 성범죄   대  가족이 현장 잡았다,Social
줄지 않는 노동자 죽음  모호한 법 손질 시급,Social
 악성 저성과자 해고는 정당  기업 고용유연성 인정한 대법,Social
 대북송금  이화영 재판 지연에 김성태  년 만 보석으로 석방,Social
 자막뉴스  아무리 치워도 치워도   습설 퍼붓더니  또 악재 ,Social
포항지진범대본   시민단체 겁박하는 국회의원 제명 퇴출시켜라 ,Social
한파 대설 몰아친 제주  항공편 무더기 결항 사고 속출,Social
 행복한  판생  응원할게  푸바오  월 초 한국 떠난다,Social
 무기징역 도 억울했나  등산로 살인  최윤종  피해자 때문에 살인자 됐다 ,Social
이선균 협박범  명 기소 수사한 인천경찰 압수수색 당해,Social
 단독   청량리 재개발 비리  동대문구청 압수수색    공무원 불법 특혜 분양 ,Social
대구 이슬람사원 옹호단체  검찰의 돼지머리 무혐의 결정은 안일한 인식 ,Social
 개인     원래 이렇게 해요   성추행 논란  살펴보니,Social
추락사한 베트남 노동자 아내  국내서 원청에 사과 요구,Social
   대      대 딸과 룸카페서   가족이 범행 현장 덮쳤다,Social
눈보라 휘날리는 제주공항    여편 무더기 결항  만여명  발 동동 ,Social
 신종마약 못잡는다   수영장에 떨어진 물질 한방울도 검출   마약중독과 싸우는 사람들 ,Social
사치 빠져 사기 범죄까지  구청장 딸 빚 돌려막기하다 이 지경,Social
대전 한전기술 원설본부 김천 이전설에 반발 확산 총선 앞두고 정쟁거리 전락 논란,Social
김종구 주몽골대사  고발사주  조성은  입당원서 조작 혐의로 기소,Social
제주공항 항공편 무더기 결항 폭설에 갇힌 호남 제주,Social
 특보  광주 전남 대설특보 여객선 항공편  결항 ,Social
 너희들 이젠 고마해라   영화 친구  조폭들  장례식장서 둔기 들고 난투극,Social
수원 평택서   억 규모 전세사기 의혹 피해자   명,Social
국민 환자 볼모  단체행동  위협한 의사단체 정부  엄단 ,Social
    만달러 대북송금 의혹  김성태 전 쌍방울 회장   년 만에 석방,Social
강추위 속 위기의 배달 노동자 한랭 질환 비상,Social
충남 서천 수산물특화시장 큰불   상인들은  망연자실 ,Social
논란의  녹말 이쑤시개  튀김 식약처  먹는 것 아니다 ,Social
 한동훈 후임 법무 장관 에 돌연 박성재 지명    살아있는 권력  수사 통제 강화 ,Social
   년된 자운대  노후시설 개선 유휴부지 개발해야  계룡스파텔 전철 밟을 우려도,Social
튀기면 다 맛있다   녹말 이쑤시개  식품 아닙니다  식약처 긴급 경고한 이유,Social
폭설 이어 강추위   청소년 올림픽  방한  총력,Social
 유령 노조  걸러냈더니  조합원수   년만에 줄었다,Social
차량 보행자 빙판길 사고 잇따라 최강 한파에 전국서 피해 속출,Social
검찰  대림역 칼부림  예고글   대 집행유예에 항소,Social
마약사범 감형 수단이던  던지기     지금은  비대면 마약 거래  통칭  김동규의 마약 스톱  ,Social
새카맣게 탄 서천시장 설 대목 앞둔 상인들 망연자실,Social
본인 예비신부    번 찔러 살해한 예랑이 징역   년,Social
 푸바오   월 중국으로 떠난다     월 초까지만 일반 공개  지금이뉴스 ,Social
 이쑤시개 튀김  먹방에 발칵 식약처  과섭취땐 구토 설사 ,Social
폭설 강풍에 막힌 하늘길    여 편 결항,Social
 반포 재건축  조합원에  억여원 뿌린 현대건설   심서 벌금형,Social
정치인 변호사 다음 많다  교육계 인사들 속속 총선 채비,Social
봉화 사고 겪고도 또  울진 텅스텐 광산 사고로  명 숨져,Social
 체감 영하   도  강추위에도  먹고사느라  버티는 야외노동자들,Social
수요일   일  낮에도 영하권 강추위 최저       꽁꽁 ,Social
 불법 대북송금 혐의  김성태 쌍방울 전 회장 보석 석방,Social
 단독     경찰 인사 청탁 의혹  현직 치안감 구속영장 청구,Social
유아인 머리 짧게 자르고 공판 출석  우울증 오래 앓아     김명준의 뉴스파이터,Social
유령 조합원 빼니 양대 노총   만명 줄었다,Social
수원 평택서   억원대 전세 사기 고소,Social
 대행체제  예상 깨고 법무부장관 후보 지명한  대통령  왜 ,Social
구미 봉곡동의 한 중학교서 화재 직원  명 연기흡입 부상,Social
      자루가    아래로  뚝      대 작업자 사망,Social
 회복에   년 걸려  이혼 후 신용불량자 되었던 서정희   김명준의 뉴스파이터,Social
 설 대목 앞둔 엄동설한에 어떡하라고    억장이 무너져요 ,Social
   대만 정당가입 허용 한국  공무원 정치활동 제약 과해 ,Social
 단독  사라진 세종대왕 태실 핵심 유물  반세기 만에 귀환   리포트 ,Social
 손 덜덜  난치질환 파킨슨  바이오  신약 개발 도전장,Social
식품회사  횡령으로 김수미 모자 고소 김수미 측  연예인 망신 주기    김명준의 뉴스파이터,Social
 남편 죽을 수 있다  서울 평창동서 남녀  명 집단마약 팔뚝에 주삿바늘 흔적,Social
한 달도 안 됐는데 강원 평창서 또  가스 누출  사고,Social
    만 달러 대북송금  김성태 전 쌍방울그룹 회장 보석으로 풀려난다,Social
서천 화재 현장서 만난 윤 대통령과 한동훈   김명준의 뉴스파이터,Social
국민 판다  푸바오  출국일 나왔다  월 초   쓰촨성으로,Social
고향사랑기부제 답례품 삼겹살  비계가 절반  결국 업체 협약 종료,Social
올림픽대로서 느릿느릿 시속      길막 주행  유튜버 논란,Social
경북도내 중학교 노래방서 불 잇따라 발생  명 연기흡입,Social
카카오와     시세조종  공모한 사모펀드 운용사 검찰 송치,Social
서울 한복판서 필로폰 투약한 남녀  명 검거,Social
경찰 지자체에 악성 민원  만 건  폭탄세례  부산  민원왕  구속,Social
서민위   이재명 헬기 이송 고발  이어 김어준 명예훼손 혐의로 고소,Social
 프로필  박성재 법무장관 후보자  과 막역한 검찰 선배 종합 ,Social
 단독  돈 문제는 출산 걸림돌 아냐  계룡  남매 부부의 행복 영상 ,Social
 씨리얼  스물여섯이지만 이장입니다  완도 토박이고요 ,Social
전공의      의대 증원 반대   복지부  불법 행위 엄정 대응 ,Social
 대북송금 혐의  김성태 전 쌍방울 회장 보석 석방,Social
 대설 대책회의 지각  충주시 간부 공무원 무더기 경위서,Social
곗돈 돌려막기  억 원 가로챈   대 구속 송치,Social
 단독 식품 기금 심사위원에  외식업 대표  구의원이 이해충돌 논란,Social
 대치동 강사라더니 노숙자 술값   만원  먹튀  누가 받아주겠나 ,Social
종로구 공사장서 인부  명 추락   명 사망,Social
 희망퇴직 위해 임금 반납하라  직원들  한전 망했다  부글,Social
 녹말 이쑤시개 튀김  유행 식약처 긴급 경고,Social
마트에서      오른 맥주  식당에서     나 올랐다,Social
 이쑤시개 튀겨먹자     서 열풍 홍윤화도 푹 빠졌다,Social
 이선균 협박   억     만 원 뜯은   대 여성  명 기소,Social
 인프라가 수요를 창출한다  달빛철도가 만들어낼 변화상은 ,Social
   엔터 시세조종  가담 혐의 검찰  사모펀드 운용사 본격 수사,Social
 돼지머리 무혐의로 억울함 풀려      이슬람 혐오 막아야  종합 ,Social
달성군  지표조사도 없이 도로공사 선사시대 유적 다수 훼손 의혹,Social
    만 달러 대북송금 혐의  김성태 보석 석방,Social
민간인에 간첩 누명 씌워  이중스파이  만든 방첩사 역용공작 드러났다,Social
  기기 손 못떼는 학생들 수학성적  뚝 ,Social
카시트 장착  엄마아빠택시  오늘부터 서울 전역 운행,Social
 자막뉴스  활주로 폐쇄까지    여 편 결항   발 묶인 제주,Social
울릉도 설국    으로 변신  이틀간     넘는 폭설 내려,Social
 이건 시작일 뿐   쉬는 일요일  사라지는 마트에 노동계 반발,Social
 대북송금  혐의 김성태 쌍방울 전 회장 보석 석방,Social
승리  해외 행사서  지드래곤 데리고 오겠다  발언에  아직도 빅뱅팔이  비판,Social
 날씨 내일도 한파에 강풍 제주 호남 충남 대설,Social
수원 평택서   억원대 전세 사기 의혹 경찰 수사 중,Social
김해 한 공장서      자루에 깔린   대 사망,Social
이광재  현 정부가 국민 외면받는 것은 먹고살기 힘들어서 ,Social
 영상   나 여기 도착 아닌데   옆 나라에서 착륙을 원전 멈추고 기차 멈추고  일상이 마비  겨울 폭풍이 유럽을 덮쳤습니다 ,Social
승객 못 보고 치어 숨지게 한   대 버스 기사     만원  벌금형 ,Social
지역화폐 뿌리던 지자체  발행 확 줄였다,Social
 불법 대북송금  김성태   쌍방울 회장 보석 석방,Social
최문순 전 강원도지사 업무상 배임 등 혐의로 경찰조사 받아,Social
룸카페서 미성년자와  부적절 성관계    대 체포,Social
자동차 부품 공장서    톤 자루에   대 노동자 깔려 숨져,Social
 단독 학부 등록금 동결  대학원생 유학생 등록금은      인상 추진,Social
여성직원 업무와 무관한 기준으로 승진심사  중노위  성차별  인정,Social
서울  대형마트 공휴일 의무휴업 폐지  발의 지자체 첫 후속조치,Social
 제주공항  만명 발 묶였다  강풍 폭설로 하늘길 끊겨,Social
 눈보라 몰아친 제주  항공편 무더기 결항 사고도 속출,Social
구미시 봉곡동 중학교서 불  명 연기흡입해 병원 이송,Social
 백윤식이 합의서 위조  주장한   세 연하 전 연인  무고 혐의로 기소,Social
 대장동 재판  본격 재개 두 달 만에 만난 이재명 유동규,Social
 가족 욕  퍼부은 주취자 뺨 때린 경찰 법원은 선처했다,Social
 고발사주  조성은 김종구 몽골대사  창당 문서위조 등 혐의로 기소,Social
돌싱남 재혼 다짐하는 순간  위  집밥 그리울 때  여성은 ,Social
 손가락 아픈데 이것 좀 까줘  알바생에 황당 요구,Social
외도 의심 아내 사무실에       차량엔 추적장치 단   대,Social
좌익세력에 일가족  명 몰살    년 지나도 전쟁 상흔 여전 ,Social
룸카페서 미성년자와 성범죄   대  가족들이 현장 잡았다,Social
    만 달러 대북송금 혐의  김성태 쌍방울 전 회장 보석 석방,Social
  한국반납공사 라 불러 달라  한전 직원들이 뿔난 이유,Social
태국서 오징어 사이에 필로폰 감춰 반입하려 한   대 실형,Social
 푸바오  잘가   월   귀환   월 초까지 일반 공개,Social
총선 출마 여지 남긴 이낙연  광주 전남 이삭줍기 나서나,Social
삼바 간부들      못 해 먹겠네   새벽 별 보러가자    폭언 성희롱 일삼아,Social
송영길  옥중 창당 선언   가칭  정치검찰해체당 ,Social
  년 간 함께 산 배우자 살해한   대 징역   년 확정,Social
철새 낙원에 드론 띄운 남성  찍지 말라  하자 하는 말,Social
김태흠 지사  윤대통령에 서천특화시장 재건    억 지원 요청,Social
에버랜드 자이언트 판다  푸바오   월 초 중국 귀환,Social
김해 한 공장서       플라스틱 자루에 깔려   대 사망,Social
 남편 죽을수도  신고에 출동했더니 빌라엔 성인 남녀  명  비틀비틀 ,Social
    제 노조  뉴스데스크 신났다  디올백 선전  앞장선     기자들   미디어 브리핑 ,Social
소방관 채용 시험 때 남녀 동일하게 체력 평가한다,Social
장례식장 난투극 벌인 부산 양대 폭력조직 조직원들 징역형,Social
  광안리 대첩  영광 되찾으려면 게임단 게임사 상생 위한 생태계 만들어야 ,Social
     첫 치료제 나온다    바이오도 출격,Social
평택 아파트 신축 현장서 작업자 추락사 경찰 노동부 조사,Social
 한전기술 원자로설계본부 김천 이전  대전시는 뭐했나 ,Social
무인점포      속  용변 테러   직접 잡겠다  점주 분노,Social
 없는 살림 에 흉물로 덩그러니 광주 신양파크호텔 혈세낭비 논란,Social
서천특화시장 화마 키운 소방설비 불길 치솟는데 감지 늦어 종합 ,Social
청소년 선수촌에  이것  뿌렸더니  대회 폐지해라  학부모들 발칵,Social
김수미  횡령이라니  우리가 피해자 명예훼손 책임 물을 것 ,Social
순직 소방관 딸 위해 생일파티 열어준 동료 소방관들,Social
 몸 아프다  이재명   대장동 재판  조기 퇴정,Social
가정폭력 의심 출동했더니 서울 평창동 빌라서 집단마약,Social
광주시  중앙공원 지구 선분양 검토  방침에 시민단체  특혜  반발,Social
 유령노조  걸러내니 노조 조합원 수    년 만에 처음 꺾였다,Social
 남편 죽을 수도  경찰 출동하니 수상한 남녀  명 팔뚝엔 ,Social
 온실가스  위 오명  충남  탄소중립 앞당긴다,Social
의대 증원 반발 전공의 집단행동 논의에 보건복지부 유감 표명,Social
지자체들  지역 건설사 살리기  안간힘,Social
서울 기후동행카드  불티   반나절 만  만  천장 판매,Social
 최대       폭설  광주 전남서 빙판길 교통 낙상 사고 잇따라,Social
최춘식 의원  제 순환고속도로 포천 남양주 내달  일 개통 ,Social
 스브스픽  한전 힘드니 임금 반납하라   거절하면 인사 불이익 ,Social
창원문성대 간호학과  교수 부족 사태에 폐과 위기,Social
 초미니 마을버스  서울도 등장 하차벨 없는 스타리아 투입 왜,Social
 내일 날씨  전국 하늘  맑음  아침 최저    도,Social
 단독  이정섭 검사 처남댁  휴대폰 포렌식 자료 제출  수뢰죄 해당 여지 ,Social
친형 살해   년만에 자수 징역   년 불복  쌍방 항소,Social
제주도     이상 폭설 아침       도  극한한파  내일날씨 ,Social
 자막뉴스   내일도 표가 없대    눈보라에 고립된 사람들  탄식 ,Social
   서천시장 찾아  신속 지원  약속 일부 상인 불만도,Social
 단독 코인 관련자 행세해 사기쳐 불법도박 탕진   대 구속기소,Social
교수단체  무전공 확대 중단해야 대학 서열화 굳혀 ,Social
    만 달러 대북송금  쌍방울 김성태 전 회장  보석 허가,Social
 반포주공 재건축 금품 살포  현대건설   심     만원 벌금형,Social
강풍에 폭설 제주기점 항공기    편 결항  만여명 발 묶여,Social
대형마트 공휴일 의무휴업 폐지  지역 소상공인 마트 노동자 반발 ,Social
 백윤식이 합의서 위조    세 연하   연인  무고 혐의 기소,Social
 백윤식이 합의서 위조  주장했던   연인  무고 혐의로 기소,Social
삼성바이오에서 어찌 이런 일이  아    들  간부들 폭언 성희롱 만연,Social
법무부 차관 대행 모드서 갑자기 장관 지명  왜 ,Social
현대건설  반포주공 단지  불법수주  재판  심서 벌금     만원,Social
최강 한파에 하늘길 막히고 계량기 동파 전국서 피해 속출,Social
 핫핫  뜨겁다  기후동행카드 반나절만에  만    장 팔려,Social
하늘길 뱃길 막히고 계량기 동파 최강 한파에 곳곳서 피해,Social
 전과   범    대 남성  이번엔 음주운전으로 법정 구속,Social
 노동자 추락사  베트남인 아내 국내 들어와 원청에 사과 요구,Social
   노조  진행자 교체 위법  가처분    인사권  각하,Social
이재명  건강 이유로 재판 퇴정    재판부는 허가,Social
     은 내란  배포 논란 인천시의회 의장   불신임안 처리 불발,Social
최강 한파에  꽁꽁  언 한반도  추위 속 무료급식소 한파쉼터 가보니,Social
   원 식당의 기적  라면 한 봉지보다 싸게 맛난 밥 먹을 수 있어요 ,Social
교수단체  무전공 확대 중단해야 대학 서열화 굳혀 ,Social
    만 달러 대북송금  쌍방울 김성태 전 회장  보석 허가,Social
 반포주공 재건축 금품 살포  현대건설   심     만원 벌금형,Social
강풍에 폭설 제주기점 항공기    편 결항  만여명 발 묶여,Social
대형마트 공휴일 의무휴업 폐지  지역 소상공인 마트 노동자 반발 ,Social
 백윤식이 합의서 위조    세 연하   연인  무고 혐의 기소,Social
 백윤식이 합의서 위조  주장했던   연인  무고 혐의로 기소,Social
삼성바이오에서 어찌 이런 일이  아    들  간부들 폭언 성희롱 만연,Social
법무부 차관 대행 모드서 갑자기 장관 지명  왜 ,Social
현대건설  반포주공 단지  불법수주  재판  심서 벌금     만원,Social
최강 한파에 하늘길 막히고 계량기 동파 전국서 피해 속출,Social
 핫핫  뜨겁다  기후동행카드 반나절만에  만    장 팔려,Social
하늘길 뱃길 막히고 계량기 동파 최강 한파에 곳곳서 피해,Social
 전과   범    대 남성  이번엔 음주운전으로 법정 구속,Social
 노동자 추락사  베트남인 아내 국내 들어와 원청에 사과 요구,Social
   노조  진행자 교체 위법  가처분    인사권  각하,Social
이재명  건강 이유로 재판 퇴정    재판부는 허가,Social
     은 내란  배포 논란 인천시의회 의장   불신임안 처리 불발,Social
최강 한파에  꽁꽁  언 한반도  추위 속 무료급식소 한파쉼터 가보니,Social
   원 식당의 기적  라면 한 봉지보다 싸게 맛난 밥 먹을 수 있어요 ,Social
 남녀 동일하게 체력 평가  소방관 시험 어떻게 바뀌나,Social
 너흰  대가리    삼성바이오로직스  괴롭힘 성희롱 만연했다,Social
  년 만에 노조원   만명 감소   실체 없는 노조 삭제 영향,Social
제주공항 국내선 전편 결항 약  만  천 명 발 묶여,Social
법원   동의 없는 앵커 교체 위법      언론노조 가처분 신청  각하 ,Social
 소방서 시끄러워 집값 떨어진다    항의전화 테러한 주민  지금이뉴스 ,Social
        가족 욕은 못 참아  주취자 폭행한 경찰 법원 판단은,Social
 자막뉴스     차례 찔렀는데  우발적 범행  판결 이유는 ,Social
한꺼번에 대학 떠난 교수들   간호학과 학생들  날벼락   지금이뉴스 ,Social
강풍 폭설에 비행기 배편 막힌 제주   만명 발 묶여,Social
서울 도심에서 집단마약  철제 상자 엔 필로폰과 투약 도구,Social
 백윤식이 문서 위조  주장한   세 연하 전 연인    무고 혐의 재판행,Social
전공의      의대 일방 증원 땐 파업 의향   정부  용인 못 해  즉각 견제,Social
 넌 여기 어떻게 들어왔냐  막말 일상인 삼성바이오로직스,Social
김봉현 불출석에    정치인  재판 공전 총선 뒤로 밀리나,Social
제주도 내일까지 최대      눈폭탄  아침 영하   도 내일날씨 ,Social
관리자가  여기 어떻게 들어왔냐   야근 후  새벽별보러 가자  삼성바이오서 적발,Social
예비신부    회 찔러 살해 유족  범행 자해 자수까지   분  계획적  이슈시개 ,Social
   랑 못 해 먹겠네  폭언 일삼는 대기업 바이오 관리자들,Social
서울 체감 영하   도까지  뚝  호남   제주 등 폭설,Social
평창서 또 가스 누출   시간  분 만에 안전조치 완료 종합 ,Social
 엉덩이 움켜잡고 주물렀다    받던    트레이너  성추행 무혐의 에 분노,Social
 푸바오  이젠 안녕   월초 중국 보낸다,Social
검찰  무고 혐의로 백윤식 전 연인 불구속 기소,Social
 불구경하러 온 겁니까  대통령 면담 무산에 뿔난 서천 일부 상인들,Social
고용부  삼바 근로감독 결과 발표 폭언 등 경험 종합 ,Social
의약품 빼돌리는 의료인들   관리 강화 시급,Social
 속보  한동훈  윤석열 만난 후  깊은 존중과 신뢰의 마음 가지고 있다 ,Social
대형마트 평일에 쉬면 이마트 롯데쇼핑 영업익  껑충 ,Social
민주당 전남도당  컨트롤타워 부재 논란  선거법도 모르나 ,Social
무제한 교통카드 인기  대폭발  판매량 실화 ,Social
 자막뉴스   여자 탈락  이유 있었다   한 회사의 황당한 승진 기준,Social
대한노인회  집에 있으면 며느리 불편    이준석 세상물정 몰라 ,Social
의사 적어 힘들다면서 전공의      의대 증원시 파업 ,Social
광주 전남 내일까지 최대     눈 더 온다,Social
서울 평창동 빌라에 모여 집단 마약 투약한  명 검찰 송치,Social
 나 대치동 수학강사  오늘 쏜다    만원어치 술 먹고 도주한 남성의  정체 ,Social
윤 대통령은  층  화재피해 상인  층  안 만나고 기냥 가는 겨  ,Social
대설 대책회의 불참 지각  충주시 간부 무더기 경위서,Social
한복 차려입은 조민  홍삼 모델 됐어요 ,Social
설 앞두고 대형 화재에 상인들 망연자실,Social
    시세조종  가담 혐의 사모펀드 운용사 검찰 송치,Social
대장동 재판   일만에 재개 이재명  유동규 대면,Social
한파에 청소년올림픽 현장  곤혹  성공 여부에 엇갈린 주민 반응,Social
폭설 강풍에 제주 공항 무더기 결항    만여 명 발 묶여,Social
 단독  김만배가 낸 신학림 책값  허위 보도 대가  정황 포착,Social
 재건축 금품살포  현대건설 벌금형,Social
 조국 지킴이  자처 공지영 작가 뒤늦은 후회,Social
디지털 기기 쓸수록 수학점수  뚝뚝    시간에  점씩 하락 ,Social
무거운  습설 에 한파 강풍까지   시설물 붕괴 동파 걱정 태산,Social
대장동 재판   일 만에 재개 이재명  재판부 허가로 오후 퇴정,Social
  전 사위  특혜 채용 의혹  수사 어디까지  이번엔 전 청와대 인사비서관 조사,Social
 별 보러 가자 며 양평까지 모 바이오 대기업 갑질 사례 적발,Social
의대증원에 전공의 단체행동 엄포  고통 외면 국민협박  비판,Social
 굴착기 버킷 분리  종로 공사현장서 인부  명 추락   명 숨져,Social
이재명  대장동 재판  출석했다  몸 아프다  오후 퇴정,Social
최강 한파에 결항 동파 잇따라 출근길 시민들은 사고 걱정도,Social
 남편 죽는다  신고에 출동한 경찰  평창동 집단 마약 현장 잡았다,Social
룸카페서 미성년자와 부적절 성관계 맺은   대 구속영장,Social
 횡령 혐의 피소  김수미 모자  우리가 피해자    서로 주장 무엇 ,Social
설 앞두고 대형 화재에 상인들 망연자실,Social
숭인동 신축 공사 현장서 인부  명 추락    명 숨져,Social
이화영  대북송금 재판  새 재판부 선고 가능성 높아,Social
   명  출산율 쇼크  서울시의회  저출생정책  소득기준 폐지  파격 제안,Social
국민의힘 고양지역 예비후보들   고양시 서울 편입  한 목소리,Social
 남편 죽을 수도 있다  신고한 그 집 남녀 마약 취해 있었다,Social
서울 기후동행카드  판매 첫날 오전에만  만    장 팔려,Social
김주영 국회의원  인하대병원 설립 의지  확인 ,Social
종로구 평창동 빌라서 남녀  명 마약 집단투약,Social
이화영  심 선고 결국 늦춰질 전망 다음 재판부가 맡을 듯,Social
 단독   지옥에서 보낸  일  진실화해위  국정원에 첫 자료제출 명령,Social
이재명  대장동 재판서  건강 이유  퇴정    재발 않길 ,Social
기후동행카드 판매 시작 오전에만    만장 팔려,Social
아이 앞에서 이혼 졸라대는 남편  아동학대일까 ,Social
 최고      수익 보장    억대 투자 사기 일당   명 검거,Social
추모관 벽에 침 뱉은 사람도    그가   년 동안 화난 이유,Social
 단독  담임교사 얼굴  여성 사진에 합성   교보위 신청하자 돌아온 아동학대 신고,Social
 명의 빌려 빌라 세운 뒤   억 꿀꺽  전세사기 일당 최대 징역  년,Social
  발 넓을수록     진짜 친구  많을수록      위험 낮다,Social
서울 종로구 평창동서 마약 투약 일당  명 송치,Social
 년 끌어온 을숙도 길고양이 논란 여전한 입장차,Social
 우리한텐 물어봤나  대형마트 의무휴업 폐지 추진에 소상공인 마트 노동자  부글부글 ,Social
 납치 신고에도 출동 안 해  유족  국가 상대  억 원대 손배소,Social
민주당  선 박광온 의원    선 도전 ,Social
제주 대한항공 아시아나 전편 결항 노선 셋 중 둘 끊겨,Social
 일방적인 앵커 교체 위법      노조 가처분 신청  법원서 각하,Social
 교통비 할인 전쟁  쏟아지는 혜택 속 요금 절감 효과 보려면,Social
김포시   김포골드라인  새 운영사  현대로템  선정,Social
       폭설  광주 전남 하늘 바다 막히고 빙판길 사고   건 종합 ,Social
예비신부    차례 찌른   대   심신미약 주장   정신지체냐  막말 들어서  번복,Social
차량에 쌓인 눈 안 치웠다가  따라오던 차 앞 유리  와장창 ,Social
올해 네 살 되는  푸바오    월 중국으로 떠난다,Social
평창동 빌라에 모여 마약 투약한  명 검찰 송치,Social
 아  개  들  삼바 본사 절반 넘게  괴롭힘 성희롱 경험 ,Social
초등학교 침입해 염산 훔친   대 자택서 모의총기 발견,Social
 회장님 말만 믿었다가   볼빅  상표권 소송서 볼빅 패소,Social
포스코홀딩스 중국 호화 이사회 의혹 고발인 조사  회원제 골프장까지 돈으로 해결했다  진술,Social
 자막뉴스   의자 둘 곳도 없다    학생 대응 못해  발동동 ,Social
장애인 강제추행 인권운동가  심 징역  년에 검찰 항소,Social
이쑤시개 튀김 빨대 파스타     떠도는 괴식  먹어도 될까 ,Social
박성재 법무 장관 후보자 누구   강직 원칙 실력  평가,Social
올해 네 살되는 판다 푸바오   월초 중국 귀환,Social
  년 전  울산 다방 여주인 살인사건  피의자 구속 기소,Social
  세 선수들에게 콘돔을  강원 청소년 올림픽에  발칵 ,Social
노조원   년 만에 감소  재작년 노동자       가입,Social
 청량리 구역 재개발 비리 의혹  동대문구청 압수수색,Social
신축 공사장    높이에서 인부  명 추락   대 남성 사망,Social
유령노조 삭제했더니 노조 조합원 수    년 만에 감소,Social
 남편 죽을 것 같다  신고에 출동하니 집단 마약 투약범들 검찰 송치,Social
하지정맥류 시술로   억원 보험사기 주도한 의사 징역  년,Social
재난현장서 순직한 소방관의 딸 위해 생일파티 열어준 동료들,Social
경찰   해외 이사회 의혹  고발인 조사,Social
장롱에서 김치통  마늘밭까지 기상천외한  검은 돈  숨기기,Social
폭언에 성희롱   삼성바이오로직스에 괴롭힘 만연,Social
영화  친구  나온 부산 칠성파와 신  세기파 장례식장 난투극  무더기 징역형,Social
 교환학생 우선선발 졸업장 차별화  우수학생  특혜  몰아주기에 단국대  시끌 ,Social
 녹말 이쑤시개 튀김  유행 먹어도 문제 없을까,Social
경찰  평창동 빌라서 집단 마약하던 일당  명 체포  명 송치,Social
 핫하네  서울 기후동행카드 반나절만에  만 천여장 팔려,Social
서천특화시장 화재  수산동  층 점포서 시작 패널 구조에 강풍까지,Social
검찰  배우 백윤식 전 연인 기소 허위 고소 혐의,Social
 재판지연  논란 이화영  쌍방울대북송금   심 결국 새 재판부가 판단,Social
 이선균 협박  수억 뜯은 전직 배우 유흥업소 실장  재판행,Social
결혼 약속한 여친    회 찔러 살해 징역   년형,Social
최문순 전 강원지사  레고랜드 관련 배임 혐의로 경찰 조사받아,Social
광주시  정부 국회  달빛철도 특별법 통과 적극 나서야 ,Social
 무기징역  최윤종  피해자 때문에 살인자 돼   유족 울분,Social
   법무부 장관에 박성재 전 서울고검장 지명  사법개혁 적임자 ,Social
청소년올림픽  콘돔  배포하자   학부모 단체  반발   지금이뉴스 ,Social
    시세조종  가담 혐의 사모펀드 운용사 검찰 송치,Social
곗돈  억원 빼돌린   대 여성 구속 송치  피해자만   명,Social
폐그물 걸린 제주 남방큰돌고래 이상행동  구조 시급 ,Social
 반포주공 불법수주 혐의  현대건설   심     만원 벌금형,Social
종로구 공사장서 작업하던   대 인부 추락해 사망,Social
 베트남 근로자 추락사  청주 아파트 원청에 민노총  성실교섭  촉구,Social
      폄훼  논란 인천시의장  불신임안  셀프 거부 ,Social
 합격 내  손 에 달렸다  여직원 몸 더듬었지만 참아야 했다,Social
룸카페서 미성년자에 성범죄 저지른   대 경찰  구속영장 신청,Social
부산형 통합 늘봄 프로젝트 추진  교육단체 반응보니   ,Social
이장우 대전시장  원설본부 이전 문제  지역 국회의원 역할 아쉬워 ,Social
서울 평창동서  마약 집단 투약   명 검찰 송치,Social
 작업자 사망    멀티유틸리티 대표 중대재해법 기소,Social
영하   도  북극 한파  위력   어떻게 제주공항 문을 닫게 했나 ,Social
포스코 범대위  사실상  황제 로비   호화 이사회 더 있었을 수도 ,Social
눈보라에 제주 하늘 바닷길 다 끊겨  눈길 사고 속출 종합 보 ,Social
 계약금    억원 편취  은평주택조합 대행사 대표 구속 송치,Social
부산대병원  첫  전문약사시험    명 응시  전원 합격 ,Social
이혼소송 아내 스토킹 혐의 남편에  전자발찌  채웠다 전국 첫 사례 종합 ,Social
    시세조종 의혹  사모펀드 송치    별도 혐의 포착 ,Social
   카카오와 시세조종 공모 사모펀드 압수수색,Social
 지지층     굴복의   도 인사      지지층  김정숙에도   도 ,Social
 불법 대북송금  이화영  심 선고  다음 재판부로 넘어갈 듯,Social
배우 백윤식 전 연인  무고 혐의로 기소,Social
검찰  백윤식 허위 고소 혐의 전 연인 불구속 기소,Social
 반포 주공 재건축 금품 살포  현대건설   임직원 벌금형,Social
    년부터 소방관 체력시험  남녀 동일 기준  적용된다,Social
서천특화시장 화마 키운 소방설비 불길 치솟는데 감지 늦어,Social
서울시  기후동행카드   판매 첫날 오전  만    여장 팔려,Social
의대생 외면받는 공중보건장학제도 공공병원 의료 인력 확보 난항,Social
 헤어질 결심   푸바오 출국 날짜 잡혔다,Social
국힘 민현주 예비후보  송도 스마트스퀘어 분양사기 논란 엄정 수사 필요 ,Social
  일만에 재개된 대장동 재판   이재명  몸 아프다  오후 퇴정,Social
 평창동서 집단 마약류 투약    남녀  명 송치,Social
 장례식장 난투극  신  세기파 칠성파 줄줄이 징역형,Social
 파란 하천  만든 주범  수질분석  기준도 없었다,Social
푸바오   월 초까지만 만날 수 있다    월 중국 귀환,Social
콘돔 나눠주자 엄마들 발칵 뒤집혔다  호기심 많은   대라고  올림픽 폐지해야 ,Social
 전과   범  이번엔 만취상태로 운전대 잡았다가 법정구속,Social
평창동서 남녀  명 밤새 마약 집 안엔 필로폰 주사기,Social
윤 대통령  서천시장 찾아  신속 지원  약속 일부 상인 불만도,Social
환자 때리고 입엔 박스테이프 병원은  최선 다한 행위   취재후 ,Social
윤 대통령   서천시장 화재  특별재난지역 가능 여부 즉시 검토 ,Social
아내 외도 의심해      위치추적기 부착한   대 집행유예,Social
파주 고압선송전선로 도로굴착  시와   건설 행정심판으로 판가름,Social
 평택항  국제항으로 발전하려면 항만배후단지 조성 시급 ,Social
고소당한 김수미 모자  피해자인데 연예인이라 망신주기 당해 ,Social
아이 낳으면   세까지   억   공공주택 연     호 서울시의회 파격 대책,Social
 천만 원 대출 거절했다 고   년 함께 산 아내 살해한   대 남편,Social
반포주공 단지  불법 수주  현대건설   심 벌금     만원 선고,Social
 뉴블더   퇴근 후 맥주  사치    년 만에 최대 상승률 기록한 식당 맥주 물가,Social
 뉴블더   선생님을 찔러 달래요  트라우마 심각    명 학대  보육 교사의 최후는 ,Social
경찰   청량리 재개발 비리 의혹  동대문구청 압수수색,Social
야근 했더니  별 보러 갈래    도 넘은 직장내 성희롱,Social
 대출 거절해서    년간 함께 산 아내 살해한   대  징역   년,Social
 민주노총 청소노동자만 집단해고     살 노동자 단식 예고,Social
국민연금도  퇴직금도   플랫폼 노동에  노후 는 없었다,Social
 원숭이 흉내 내고 스프레이 뿌려     이탈리아서 강도 당했는데  영사관 안 도와줘 ,Social
박인영 부산 금정구 예비후보  부울경메가시티 거점지역으로 ,Social
결혼 앞둔 여친    회 찔렀는데  우발적  숨진 딸 공개한 유족,Social
 폭설  제주공항 항공기    편 결항 국내선  셧다운 ,Social
중앙공원  지구 선분양 전환하나 광주시  새 협약 맺어 재협의 가능 ,Social
선거개입 통계조작 특혜채용  속도 내는 검찰의  정부 수사,Social
검찰  원아시아 별도 혐의 압수수색 김범수 소환 시기 미정 ,Social
   개 점포 모두 태웠다 서천 시장 화재  알고보니 빈 가게서 시작,Social
 흉기 피습  이재명  대장동 재판  출석 오후엔 조기 퇴정  왜 ,Social
지방흡입 수술 뒤 중국 여성 사망 서울경찰청 직접 수사,Social
 단독  거기    죠       번 전화 건 그놈   대  구속 송치,Social
남양주 가평 구운천  원인 미상 기름  둥둥 ,Social
장애인 단체    일 오태원 부산 북구청장 발언 규탄 집회,Social
 김포골드라인  새 운영사 현대로템 선정  올  월부터  년간,Social
초등학교 과학실서 화학약품 훔친   대 회사원 입건,Social
가짜 명품귀걸이에 기준치    배 카드뮴 가방 지갑에도 발암물질,Social
윤 대통령  서천시장 화재에  특별재난지역 선포 가능여부 즉시 검토 ,Social
      수익 보장    억 원 가로챈  투자 리딩사기  일당 송치,Social
 영상   부실시공    주민 과실     안양 물난리 원인 공방,Social
  소방관 줄어드나 채용 때 체력평가 남녀 동일 기준 적용,Social
오세훈표 기후동행카드 대박조짐  첫날 오전  만    장 팔려,Social
노조 조합원   만 명 감소   년 만에 줄었다,Social
배우 백윤식  연인  무고 혐의로 재판행,Social
유아인 측  우울증 오래 앓아 수면마취제 의존투약 인정 반성 ,Social
    억 들인  나이스  또 오류 이번엔 연말정산,Social
 시민 뜻 제대로 반영하는 정치로  사람중심 남양주  만들겠다 ,Social
강풍 폭설 제주  국내선 항공편 전편 결항에  만여명 발 묶여 종합 ,Social
 휴대전화 전면제한 중단  권고에도  거부  학교 잇따라,Social
대구시  대구  대형마트 의무휴업 평일  전국에 통했다 ,Social
 이슈플러스 바이오 제약  이종결합  확산 부진 탈출 기대감 ,Social
 박성재는 누구   이 믿는 선배     한동훈 대신할  검찰 관리자  낙점,Social
김태흠 충남지사  대통령에  서천특화시장 신축 지원  건의,Social
이재명 유동규  피습 교통사고후 첫 재판  눈길도 안줘 ,Social
항공사도 포기  제주섬에  만명 발 묶여,Social
 정보라의 월간데모  지붕 오른 여성 노동자들  밤새 투쟁하는 이태원참사 유가족들,Social
 합의서 위조  주장한 백윤식  연인  무고죄로 법정행,Social
    시세조종  가담 혐의 사모펀드 운용사 검찰 송치,Social
   카카오 수사범위 넓힌다  원아시아  별도 혐의로 압수수색 ,Social
검찰  라임펀드 수사 처음부터 전부 재검토 자금 사용처 모두 확인 ,Social
올겨울 한랭질환 사망  명  젖은 옷 오래 입고 있으면 위험 ,Social
 감동할 줄 알았는데   년 사귄 여자친구가 프로포즈 거절한 이유는 ,Social
 백윤식이 합의서 위조  전 연인 무고 혐의로 기소,Social
구글 다니다 정리해고   그런데 즐거운 이유   인터뷰 ,Social
민주노총  총선은 정권심판  이후에는 정권퇴진 ,Social
주호민 부부 아동학대로 신고 당해  근거 없는 허위 사실 ,Social
고양시  데이터센터 허가 반발에  주민설명회 로 설득 나서,Social
 대북송금  의혹 이화영  심 선고 결국 다음 재판부가 맡을 듯,Social
서울시의회 파격 제안  모든 저출생 정책 소득기준 없애자  종합 ,Social
굴착기 버킷 타고 작업하던 근로자 추락  명 사망  명 부상,Social
횡령으로 고소당한 김수미 모자  우리가 피해자 법정서 다툴 것 ,Social
무기징역 최윤종  피해자가 반항해서 일 커졌다   유족 측  왜 살리느냐 ,Social
 화보 설국으로 변한 울릉도 이틀간       기록,Social
 달빛철도  단순한     아냐 철도 항만 공항 연계 남부 거대 경제권 신호탄 ,Social
항공사도 포기  제주섬에  만명 발 묶여,Social
 정보라의 월간데모  지붕 오른 여성 노동자들  밤새 투쟁하는 이태원참사 유가족들,Social
 합의서 위조  주장한 백윤식  연인  무고죄로 법정행,Social
    시세조종  가담 혐의 사모펀드 운용사 검찰 송치,Social
   카카오 수사범위 넓힌다  원아시아  별도 혐의로 압수수색 ,Social
검찰  라임펀드 수사 처음부터 전부 재검토 자금 사용처 모두 확인 ,Social
올겨울 한랭질환 사망  명  젖은 옷 오래 입고 있으면 위험 ,Social
 감동할 줄 알았는데   년 사귄 여자친구가 프로포즈 거절한 이유는 ,Social
 백윤식이 합의서 위조  전 연인 무고 혐의로 기소,Social
구글 다니다 정리해고   그런데 즐거운 이유   인터뷰 ,Social
민주노총  총선은 정권심판  이후에는 정권퇴진 ,Social
주호민 부부 아동학대로 신고 당해  근거 없는 허위 사실 ,Social
고양시  데이터센터 허가 반발에  주민설명회 로 설득 나서,Social
 대북송금  의혹 이화영  심 선고 결국 다음 재판부가 맡을 듯,Social
서울시의회 파격 제안  모든 저출생 정책 소득기준 없애자  종합 ,Social
작년 법인파산 개인회생 역대 최다,Social
푸바오   월 초 중국으로 떠난다  월 초까지만 일반 공개,Social
서울 시내 대형마트 의무휴업일  평일 전환한다 서울시의회 조례 개정 추진,Social
버스 타려는 승객 못 보고 치어 숨지게 한 운전기사 벌금형,Social
검찰   백윤식 허위 고소 혐의  전 연인 불구속 기소,Social
 희망퇴직금 부족하니  임금 반납하라  직원들 부글부글  이 회사   어디 ,Social
도시및주거환경정비법 위반  현대건설 벌금     만원,Social
 결항편    편 넘어    대 중  대 못 떠    양대 국적사  제주기점 전편 결항   발만  동동 ,Social
천하람   김정숙 여사가 명품백 받았다면 한동훈  걸리면 가야지 했을 것 ,Social
 아  개  들  삼성바이오로직스 본사 절반  괴롭힘 성희롱 경험 ,Social
텀블러 쓰고 받은 탄소중립포인트  네이버페이로도 받는다,Social
서울 평창동 집에서  집단 마약   명 검찰 송치,Social
이재명  대장동 재판  출석 오후엔 재판부 허가로 퇴정,Social
대구시 대형마트 공휴일 의무휴업   여 년 만에 전면 폐지 이끌어 내,Social
갓 들어온   대가  부장  보직 맡기 싫은 선생님들  왜 ,Social
    받는  회원 엉덩이  주물럭  성추행 아니랍니다 ,Social
이재명  건강상 이유  공판 재개  분여만에 퇴정   없이 증인신문 진행,Social
 화재 피해  서천 특화시장 상인회  서천군에 복구 지원 촉구,Social
서천 시장 화재   층 빈 점포서 스파크 튀며 불길 종합 ,Social
검찰  백윤식 허위 고소 혐의  전 연인 불구속 기소,Social
 빈사상태 건설시장 회복 위해 여 야  중앙 지방정부 발벗고 나서야 ,Social
 보험금 받으면     입금하고 나머지는 용돈하세요     억 원 보험사기 주도한 병원장,Social
자이언트 판다  푸바오    월초 중국행  월초까지만 만나요,Social
    만원 받고 위증했다가 뺑소니 당하고도  빨간줄  그인   대,Social
짝퉁 귀걸이 조사했더니  발암물질  최고    배 범벅,Social
 희망퇴직금 부족하니  임금 반납하라  직원들 부글부글  이 회사   어디 ,Social
도시및주거환경정비법 위반  현대건설 벌금     만원,Social
 불법 대북송금  이화영  심 선고  결국 다음 재판부가 맡을 듯,Social
경찰 수사 받는 스토킹 가해자에  전자발찌  부착 전국 첫 사례 나왔다,Social
 양산시의회는 여성 직원 상습 성추행 의혹 시의원 제명하라 ,Social
     급발진 의혹  손해배상 소송서 운전자 패소 현대차 승소,Social
 마곡 땅 쓰지도 못했는데  한화오션  취득세   억 취소 소송 패소,Social
 설 연휴  나는 걱정말개  반려견 돌봄쉼터 문 열어,Social
 푸바오  이젠 안녕  올해 네 살 되는 푸바오   월 초 중국 귀환,Social
한밤중 초교 과학실 몰래 들어가 화학약품   병 훔친   대 검거,Social
 굴삭기 버킷 분리  종로구 공사 현장서 인부  명 추락  명 사망,Social
     원의 아침밥   소규모 대학은  그림의 떡 ,Social
 동의없는 앵커 교체 위법      노조 소 제기 법원서  각하 ,Social
정호용       유혈 진압 나와 무관  진상조사 결과는  인정 못해 ,Social
      고수익 보장  중고차 팔다 만난 일당    명 등쳐   억 꿀꺽,Social
      고수익 보장해줄게  속여   억여원 가로챈 일당 검거,Social
허위로 시술비용 부풀려   억원 의료보험금 챙긴 의사 징역  년,Social
마약  던지기  변천사   마약사범 구성도 변해 김동규의  마약 스톱   ,Social
 살다 살다 가게에  싸고 간 놈은 처음  무인점포에  대변 테러 ,Social
공탁금 내겠다더니 주식 투자  변호사에 벌금형,Social
푸바오   월 초 중국행 약  주 뒤면 에버랜드 가도 못 본다,Social
이마트 옆 한식당  주말 매출  배 뛰었다  대구 평일휴무  년,Social
 이젠 정말 안녕  푸바오  월 초 중국으로 떠난다,Social
    서천시장 화재  특별재난지역 선포 가능여부 즉시 검토 ,Social
 이건 사야해  기후동행카드 첫날  만    장 동났다,Social
 합의서 위조됐다  백윤식  연인  무고 혐의 기소,Social
새로운  판생  응원해주세요 푸바오   월 에버랜드 떠나 중국행,Social
출산율 꼴찌 서울 서울시의회  저출생 지원 정책  소득기준  없애겠다 ,Social
 대학 무전공 확대  교육부 방침 논란 가열   교수단체들  학문생태계 위협 ,Social
목욕 후 교사 앞  알몸 만세  중학교 수학여행  물방울 검사  논란,Social
김주하    앵커가 전하는 주요뉴스,Social
 결항 또 결항  제주도 폭설에  비행기 못 떠요  대혼란,Social
 자막뉴스   이걸 먹다니        에 퍼진  위험한 먹방 의 정체,Social
수면제 먹이고 아내 살해한   대 남성  징역   년 확정,Social
종로구 신축 공사장    높이서 인부  명 추락  명 사망,Social
샤넬  짝퉁  귀걸이서 발암물질 기준치 최대    배 넘어,Social
 특보  전북 대설 집중 시기와 지역은 ,Social
충남도 중부농축산물류센터 다시  애물단지  전락,Social
벌써 올해 네살 판다 푸바오   월 초 중국 귀환,Social
